[
  {
    "bankName": "Discount Bank",
    "branchName": "Beer Sheva – German Colony",
    "city": "Beer Sheva",
    "address": "96 Yehuda Halevi Street, Beer Sheva",
    "openDays": "Sun–Thu",
    "openHours": "08:30 - 13:30, Wed 16:00 - 18:00",
    "phone": "08-8620320",
    "lat": 31.244098,
    "lng": 34.791446
  },
  {
    "bankName": "Bank Leumi",
    "branchName": "Metula – Mall",
    "city": "Metula",
    "address": "129 Yigal Alon Street, Metula",
    "openDays": "Sun–Thu",
    "openHours": "08:30 - 13:30",
    "phone": "04-7486104",
    "lat": 33.273795,
    "lng": 35.580214
  },
  {
    "bankName": "Mizrahi-Tefahot Bank",
    "branchName": "Kiryat Yam – City Center",
    "city": "Kiryat Yam",
    "address": "63 Bialik Street, Kiryat Yam",
    "openDays": "Sun–Thu",
    "openHours": "08:30 - 13:30",
    "phone": "04-8704088",
    "lat": 32.844025,
    "lng": 35.073239
  },
  {
    "bankName": "Mizrahi-Tefahot Bank",
    "branchName": "Giv'atayim – Logistics Park",
    "city": "Giv'atayim",
    "address": "176 Bar Kochva Street, Giv'atayim",
    "openDays": "Sun–Thu",
    "openHours": "08:30 - 13:30",
    "phone": "03-6578793",
    "lat": 32.068329,
    "lng": 34.818969
  },
  {
    "bankName": "Bank Leumi",
    "branchName": "Kiryat Ata – Allenby",
    "city": "Kiryat Ata",
    "address": "40 Sheshet HaYamim Street, Kiryat Ata",
    "openDays": "Sun–Thu",
    "openHours": "08:30 - 13:30",
    "phone": "04-6572508",
    "lat": 32.811381,
    "lng": 35.101837
  },
  {
    "bankName": "Discount Bank",
    "branchName": "Ra'anana – German Colony",
    "city": "Ra'anana",
    "address": "205 Yigal Alon Street, Ra'anana",
    "openDays": "Sun–Thu",
    "openHours": "08:30 - 13:30, Wed 16:00 - 18:00",
    "phone": "09-7248454",
    "lat": 32.178291,
    "lng": 34.872321
  },
  {
    "bankName": "Bank Hapoalim",
    "branchName": "Nazareth – Medical Center",
    "city": "Nazareth",
    "address": "21 Allenby Street, Nazareth",
    "openDays": "Sun–Thu",
    "openHours": "08:30 - 13:30, Mon 16:00 - 18:00",
    "phone": "04-9599672",
    "lat": 32.696112,
    "lng": 35.298557
  },
  {
    "bankName": "Bank Hapoalim",
    "branchName": "Ashdod – Logistics Park",
    "city": "Ashdod",
    "address": "106 Bialik Street, Ashdod",
    "openDays": "Sun–Thu",
    "openHours": "08:30 - 13:30, Mon 16:00 - 18:00",
    "phone": "08-6213853",
    "lat": 31.803429,
    "lng": 34.658302
  },
  {
    "bankName": "Discount Bank",
    "branchName": "Kfar Saba – East",
    "city": "Kfar Saba",
    "address": "160 HaNadiv Street, Kfar Saba",
    "openDays": "Sun–Thu",
    "openHours": "08:30 - 13:30",
    "phone": "09-9191177",
    "lat": 32.182645,
    "lng": 34.919964
  },
  {
    "bankName": "Discount Bank",
    "branchName": "Haifa – City Center",
    "city": "Haifa",
    "address": "178 Yehuda Halevi Street, Haifa",
    "openDays": "Sun–Thu",
    "openHours": "08:30 - 13:30, Wed 16:00 - 18:00",
    "phone": "04-6049957",
    "lat": 32.793709,
    "lng": 34.989559
  },
  {
    "bankName": "Discount Bank",
    "branchName": "Hadera – Medical Center",
    "city": "Hadera",
    "address": "67 HaAtzmaut Blvd, Hadera",
    "openDays": "Sun–Thu",
    "openHours": "08:30 - 13:30, Wed 16:00 - 18:00",
    "phone": "04-8359041",
    "lat": 32.431189,
    "lng": 34.923452
  },
  {
    "bankName": "Discount Bank",
    "branchName": "Haifa – Harbor",
    "city": "Haifa",
    "address": "84 Bialik Street, Haifa",
    "openDays": "Sun–Thu",
    "openHours": "08:30 - 13:30",
    "phone": "04-7333351",
    "lat": 32.797134,
    "lng": 34.988367
  },
  {
    "bankName": "Bank Hapoalim",
    "branchName": "Shfaram – Downtown",
    "city": "Shfaram",
    "address": "197 Hanassi Blvd, Shfaram",
    "openDays": "Sun–Thu",
    "openHours": "08:30 - 13:30, Mon 16:00 - 18:00",
    "phone": "04-7610193",
    "lat": 32.807133,
    "lng": 35.169964
  },
  {
    "bankName": "Bank Leumi",
    "branchName": "Sderot – Main",
    "city": "Sderot",
    "address": "74 Bialik Street, Sderot",
    "openDays": "Sun–Thu",
    "openHours": "08:30 - 13:30",
    "phone": "08-8633919",
    "lat": 31.525083,
    "lng": 34.594573
  },
  {
    "bankName": "Mizrahi-Tefahot Bank",
    "branchName": "Kfar Saba – Katamon",
    "city": "Kfar Saba",
    "address": "1 Begin Road, Kfar Saba",
    "openDays": "Sun–Thu",
    "openHours": "08:30 - 13:30",
    "phone": "09-8682856",
    "lat": 32.16934,
    "lng": 34.908809
  },
  {
    "bankName": "Mizrahi-Tefahot Bank",
    "branchName": "Hod Hasharon – East",
    "city": "Hod Hasharon",
    "address": "27 Yehuda Halevi Street, Hod Hasharon",
    "openDays": "Sun–Thu",
    "openHours": "08:30 - 13:30",
    "phone": "09-6674016",
    "lat": 32.146413,
    "lng": 34.884381
  },
  {
    "bankName": "Bank Leumi",
    "branchName": "Beit Shemesh – Rothschild",
    "city": "Beit Shemesh",
    "address": "148 Jabotinsky Street, Beit Shemesh",
    "openDays": "Sun–Thu",
    "openHours": "08:30 - 13:30, Tue 16:00 - 18:00",
    "phone": "02-9125246",
    "lat": 31.747332,
    "lng": 34.990585
  },
  {
    "bankName": "Mercantile Bank",
    "branchName": "Beer Sheva – Industrial Zone",
    "city": "Beer Sheva",
    "address": "3 Hanassi Blvd, Beer Sheva",
    "openDays": "Sun–Thu",
    "openHours": "08:30 - 13:30",
    "phone": "08-8311532",
    "lat": 31.24101,
    "lng": 34.798344
  },
  {
    "bankName": "Bank Leumi",
    "branchName": "Kiryat Gat – City Center",
    "city": "Kiryat Gat",
    "address": "187 Haifa Road, Kiryat Gat",
    "openDays": "Sun–Thu",
    "openHours": "08:30 - 13:30",
    "phone": "08-8615186",
    "lat": 31.612039,
    "lng": 34.763557
  },
  {
    "bankName": "Mizrahi-Tefahot Bank",
    "branchName": "Herzliya – Industrial Zone",
    "city": "Herzliya",
    "address": "146 Hanassi Blvd, Herzliya",
    "openDays": "Sun–Thu",
    "openHours": "08:30 - 13:30",
    "phone": "09-7111979",
    "lat": 32.158473,
    "lng": 34.851963
  },
  {
    "bankName": "Discount Bank",
    "branchName": "Ramat Gan – Yarkon",
    "city": "Ramat Gan",
    "address": "118 Haifa Road, Ramat Gan",
    "openDays": "Sun–Thu",
    "openHours": "08:30 - 13:30",
    "phone": "03-6864395",
    "lat": 32.078557,
    "lng": 34.812193
  },
  {
    "bankName": "Mercantile Bank",
    "branchName": "Kiryat Ata – Cultural Center",
    "city": "Kiryat Ata",
    "address": "18 Shenkar Street, Kiryat Ata",
    "openDays": "Sun–Thu",
    "openHours": "08:30 - 13:30",
    "phone": "04-6059379",
    "lat": 32.81154,
    "lng": 35.108492
  },
  {
    "bankName": "Mercantile Bank",
    "branchName": "Mitzpe Ramon – Harbor",
    "city": "Mitzpe Ramon",
    "address": "185 Bialik Street, Mitzpe Ramon",
    "openDays": "Sun–Thu",
    "openHours": "08:30 - 13:30",
    "phone": "08-7753144",
    "lat": 30.621551,
    "lng": 34.791364
  },
  {
    "bankName": "Bank Hapoalim",
    "branchName": "Metula – Main",
    "city": "Metula",
    "address": "76 Paulus VI Street, Metula",
    "openDays": "Sun–Thu",
    "openHours": "08:30 - 13:30, Mon 16:00 - 18:00",
    "phone": "04-7696320",
    "lat": 33.269696,
    "lng": 35.570478
  },
  {
    "bankName": "Mercantile Bank",
    "branchName": "Rishon Lezion – West",
    "city": "Rishon Lezion",
    "address": "78 Begin Road, Rishon Lezion",
    "openDays": "Sun–Thu",
    "openHours": "08:30 - 13:30",
    "phone": "03-6912007",
    "lat": 31.973898,
    "lng": 34.78181
  },
  {
    "bankName": "Mizrahi-Tefahot Bank",
    "branchName": "Ashkelon – Cultural Center",
    "city": "Ashkelon",
    "address": "43 Herzl Street, Ashkelon",
    "openDays": "Sun–Thu",
    "openHours": "08:30 - 13:30",
    "phone": "08-8828242",
    "lat": 31.663054,
    "lng": 34.576314
  },
  {
    "bankName": "Mercantile Bank",
    "branchName": "Nazareth – German Colony",
    "city": "Nazareth",
    "address": "32 Rothschild Blvd, Nazareth",
    "openDays": "Sun–Thu",
    "openHours": "08:30 - 13:30",
    "phone": "04-6895964",
    "lat": 32.690195,
    "lng": 35.303818
  },
  {
    "bankName": "Mercantile Bank",
    "branchName": "Tel Aviv – Central",
    "city": "Tel Aviv",
    "address": "139 Yigal Alon Street, Tel Aviv",
    "openDays": "Sun–Thu",
    "openHours": "08:30 - 13:30",
    "phone": "03-8392674",
    "lat": 32.075055,
    "lng": 34.779102
  },
  {
    "bankName": "Mizrahi-Tefahot Bank",
    "branchName": "Kiryat Yam – Station",
    "city": "Kiryat Yam",
    "address": "124 Rothschild Blvd, Kiryat Yam",
    "openDays": "Sun–Thu",
    "openHours": "08:30 - 13:30",
    "phone": "04-8397930",
    "lat": 32.842681,
    "lng": 35.068406
  },
  {
    "bankName": "Bank Leumi",
    "branchName": "Netivot – Cultural Center",
    "city": "Netivot",
    "address": "173 Independence Ave, Netivot",
    "openDays": "Sun–Thu",
    "openHours": "08:30 - 13:30, Tue 16:00 - 18:00",
    "phone": "08-7073759",
    "lat": 31.421692,
    "lng": 34.583393
  },
  {
    "bankName": "Mizrahi-Tefahot Bank",
    "branchName": "Migdal HaEmek – Katamon",
    "city": "Migdal HaEmek",
    "address": "140 Jabotinsky Street, Migdal HaEmek",
    "openDays": "Sun–Thu",
    "openHours": "08:30 - 13:30",
    "phone": "04-7404387",
    "lat": 32.673951,
    "lng": 35.24172
  },
  {
    "bankName": "Bank Hapoalim",
    "branchName": "Ofakim – Azrieli",
    "city": "Ofakim",
    "address": "21 Yehuda Halevi Street, Ofakim",
    "openDays": "Sun–Thu",
    "openHours": "08:30 - 13:30, Mon 16:00 - 18:00",
    "phone": "08-7449563",
    "lat": 31.307664,
    "lng": 34.625259
  },
  {
    "bankName": "Bank Hapoalim",
    "branchName": "Nahariya – Business District",
    "city": "Nahariya",
    "address": "156 Shenkar Street, Nahariya",
    "openDays": "Sun–Thu",
    "openHours": "08:30 - 13:30, Mon 16:00 - 18:00",
    "phone": "04-6349725",
    "lat": 33.016733,
    "lng": 35.093996
  },
  {
    "bankName": "Bank Hapoalim",
    "branchName": "Kiryat Ata – Business District",
    "city": "Kiryat Ata",
    "address": "56 Haim Ozer Street, Kiryat Ata",
    "openDays": "Sun–Thu",
    "openHours": "08:30 - 13:30, Mon 16:00 - 18:00",
    "phone": "04-7200684",
    "lat": 32.803571,
    "lng": 35.102307
  },
  {
    "bankName": "Discount Bank",
    "branchName": "Lod – Allenby",
    "city": "Lod",
    "address": "54 Herzl Street, Lod",
    "openDays": "Sun–Thu",
    "openHours": "08:30 - 13:30",
    "phone": "08-8874717",
    "lat": 31.947955,
    "lng": 34.894347
  },
  {
    "bankName": "Mizrahi-Tefahot Bank",
    "branchName": "Hadera – Civic Center",
    "city": "Hadera",
    "address": "146 Weizmann Street, Hadera",
    "openDays": "Sun–Thu",
    "openHours": "08:30 - 13:30",
    "phone": "04-9891864",
    "lat": 32.430187,
    "lng": 34.917018
  },
  {
    "bankName": "Mercantile Bank",
    "branchName": "Holon – East",
    "city": "Holon",
    "address": "87 Allenby Street, Holon",
    "openDays": "Sun–Thu",
    "openHours": "08:30 - 13:30",
    "phone": "03-7768362",
    "lat": 32.015814,
    "lng": 34.767499
  },
  {
    "bankName": "Mercantile Bank",
    "branchName": "Herzliya – Yarkon",
    "city": "Herzliya",
    "address": "93 HaMeyasdim Street, Herzliya",
    "openDays": "Sun–Thu",
    "openHours": "08:30 - 13:30",
    "phone": "09-7253864",
    "lat": 32.162354,
    "lng": 34.854959
  },
  {
    "bankName": "Mercantile Bank",
    "branchName": "Kiryat Gat – Tech Park",
    "city": "Kiryat Gat",
    "address": "109 Emek Zevulun Blvd, Kiryat Gat",
    "openDays": "Sun–Thu",
    "openHours": "08:30 - 13:30",
    "phone": "08-7386951",
    "lat": 31.610597,
    "lng": 34.771438
  },
  {
    "bankName": "Discount Bank",
    "branchName": "Nazareth – City Center",
    "city": "Nazareth",
    "address": "69 Sheshet HaYamim Street, Nazareth",
    "openDays": "Sun–Thu",
    "openHours": "08:30 - 13:30",
    "phone": "04-9230296",
    "lat": 32.706375,
    "lng": 35.3082
  },
  {
    "bankName": "Bank Leumi",
    "branchName": "Kiryat Ata – Main",
    "city": "Kiryat Ata",
    "address": "36 Sheshet HaYamim Street, Kiryat Ata",
    "openDays": "Sun–Thu",
    "openHours": "08:30 - 13:30, Tue 16:00 - 18:00",
    "phone": "04-6082761",
    "lat": 32.804898,
    "lng": 35.109024
  },
  {
    "bankName": "Discount Bank",
    "branchName": "Tel Aviv – Carmel",
    "city": "Tel Aviv",
    "address": "149 Gordon Street, Tel Aviv",
    "openDays": "Sun–Thu",
    "openHours": "08:30 - 13:30",
    "phone": "03-8106602",
    "lat": 32.087224,
    "lng": 34.789714
  },
  {
    "bankName": "Mercantile Bank",
    "branchName": "Nazareth – Rothschild",
    "city": "Nazareth",
    "address": "9 Rothschild Blvd, Nazareth",
    "openDays": "Sun–Thu",
    "openHours": "08:30 - 13:30",
    "phone": "04-6713105",
    "lat": 32.709548,
    "lng": 35.296962
  },
  {
    "bankName": "Bank Leumi",
    "branchName": "Holon – Azrieli",
    "city": "Holon",
    "address": "80 Yehuda Halevi Street, Holon",
    "openDays": "Sun–Thu",
    "openHours": "08:30 - 13:30, Tue 16:00 - 18:00",
    "phone": "03-9132782",
    "lat": 32.016764,
    "lng": 34.771206
  },
  {
    "bankName": "Mercantile Bank",
    "branchName": "Kiryat Shmona – Station",
    "city": "Kiryat Shmona",
    "address": "40 Haifa Road, Kiryat Shmona",
    "openDays": "Sun–Thu",
    "openHours": "08:30 - 13:30",
    "phone": "04-9562397",
    "lat": 33.209274,
    "lng": 35.571371
  },
  {
    "bankName": "Mercantile Bank",
    "branchName": "Kiryat Motzkin – West",
    "city": "Kiryat Motzkin",
    "address": "37 Paulus VI Street, Kiryat Motzkin",
    "openDays": "Sun–Thu",
    "openHours": "08:30 - 13:30",
    "phone": "04-7540671",
    "lat": 32.829234,
    "lng": 35.078123
  },
  {
    "bankName": "Mercantile Bank",
    "branchName": "Bat Yam – Yarkon",
    "city": "Bat Yam",
    "address": "71 Hashalom Road, Bat Yam",
    "openDays": "Sun–Thu",
    "openHours": "08:30 - 13:30",
    "phone": "03-9687127",
    "lat": 32.022273,
    "lng": 34.756417
  },
  {
    "bankName": "Discount Bank",
    "branchName": "Herzliya – Tech Park",
    "city": "Herzliya",
    "address": "143 Jabotinsky Street, Herzliya",
    "openDays": "Sun–Thu",
    "openHours": "08:30 - 13:30",
    "phone": "09-6179583",
    "lat": 32.16183,
    "lng": 34.849884
  },
  {
    "bankName": "Mizrahi-Tefahot Bank",
    "branchName": "Arad – Medical Center",
    "city": "Arad",
    "address": "62 Dizengoff Street, Arad",
    "openDays": "Sun–Thu",
    "openHours": "08:30 - 13:30",
    "phone": "08-7788187",
    "lat": 31.257451,
    "lng": 35.221379
  },
  {
    "bankName": "Bank Leumi",
    "branchName": "Netivot – Medical Center",
    "city": "Netivot",
    "address": "36 Paulus VI Street, Netivot",
    "openDays": "Sun–Thu",
    "openHours": "08:30 - 13:30",
    "phone": "08-6619723",
    "lat": 31.420489,
    "lng": 34.594554
  },
  {
    "bankName": "Mizrahi-Tefahot Bank",
    "branchName": "Arad – Downtown",
    "city": "Arad",
    "address": "152 Ben Gurion Blvd, Arad",
    "openDays": "Sun–Thu",
    "openHours": "08:30 - 13:30",
    "phone": "08-9292418",
    "lat": 31.263325,
    "lng": 35.219369
  },
  {
    "bankName": "Mizrahi-Tefahot Bank",
    "branchName": "Ofakim – Station",
    "city": "Ofakim",
    "address": "48 HaAtzmaut Blvd, Ofakim",
    "openDays": "Sun–Thu",
    "openHours": "08:30 - 13:30",
    "phone": "08-8481502",
    "lat": 31.312345,
    "lng": 34.621573
  },
  {
    "bankName": "Bank Hapoalim",
    "branchName": "Ramla – West",
    "city": "Ramla",
    "address": "122 Weizmann Street, Ramla",
    "openDays": "Sun–Thu",
    "openHours": "08:30 - 13:30, Mon 16:00 - 18:00",
    "phone": "08-9423882",
    "lat": 31.924913,
    "lng": 34.875429
  },
  {
    "bankName": "Discount Bank",
    "branchName": "Arad – Rehavia",
    "city": "Arad",
    "address": "47 Sheshet HaYamim Street, Arad",
    "openDays": "Sun–Thu",
    "openHours": "08:30 - 13:30, Wed 16:00 - 18:00",
    "phone": "08-6627148",
    "lat": 31.26814,
    "lng": 35.203872
  },
  {
    "bankName": "Bank Leumi",
    "branchName": "Nazareth – Dizengoff",
    "city": "Nazareth",
    "address": "193 Sokolov Street, Nazareth",
    "openDays": "Sun–Thu",
    "openHours": "08:30 - 13:30, Tue 16:00 - 18:00",
    "phone": "04-6490201",
    "lat": 32.703073,
    "lng": 35.295871
  },
  {
    "bankName": "Discount Bank",
    "branchName": "Ramat Gan – University",
    "city": "Ramat Gan",
    "address": "79 Emek Zevulun Blvd, Ramat Gan",
    "openDays": "Sun–Thu",
    "openHours": "08:30 - 13:30, Wed 16:00 - 18:00",
    "phone": "03-7267716",
    "lat": 32.085148,
    "lng": 34.813937
  },
  {
    "bankName": "Discount Bank",
    "branchName": "Jerusalem – Rothschild",
    "city": "Jerusalem",
    "address": "80 HaGalil Street, Jerusalem",
    "openDays": "Sun–Thu",
    "openHours": "08:30 - 13:30, Wed 16:00 - 18:00",
    "phone": "02-6505094",
    "lat": 31.78015,
    "lng": 35.214515
  },
  {
    "bankName": "Mizrahi-Tefahot Bank",
    "branchName": "Nahariya – Carmel",
    "city": "Nahariya",
    "address": "63 Emek Zevulun Blvd, Nahariya",
    "openDays": "Sun–Thu",
    "openHours": "08:30 - 13:30",
    "phone": "04-8630202",
    "lat": 33.010666,
    "lng": 35.102207
  },
  {
    "bankName": "Discount Bank",
    "branchName": "Ashkelon – Rothschild",
    "city": "Ashkelon",
    "address": "51 Herzl Street, Ashkelon",
    "openDays": "Sun–Thu",
    "openHours": "08:30 - 13:30, Wed 16:00 - 18:00",
    "phone": "08-8541690",
    "lat": 31.663928,
    "lng": 34.572143
  },
  {
    "bankName": "Bank Hapoalim",
    "branchName": "Tirat Carmel – South",
    "city": "Tirat Carmel",
    "address": "199 Haifa Road, Tirat Carmel",
    "openDays": "Sun–Thu",
    "openHours": "08:30 - 13:30, Mon 16:00 - 18:00",
    "phone": "04-7856794",
    "lat": 32.766157,
    "lng": 34.975591
  },
  {
    "bankName": "Bank Leumi",
    "branchName": "Modiin – West",
    "city": "Modiin",
    "address": "168 HaMeyasdim Street, Modiin",
    "openDays": "Sun–Thu",
    "openHours": "08:30 - 13:30",
    "phone": "08-8924829",
    "lat": 31.903569,
    "lng": 35.011493
  },
  {
    "bankName": "Bank Leumi",
    "branchName": "Netivot – City Center",
    "city": "Netivot",
    "address": "17 Haifa Road, Netivot",
    "openDays": "Sun–Thu",
    "openHours": "08:30 - 13:30, Tue 16:00 - 18:00",
    "phone": "08-7065589",
    "lat": 31.423761,
    "lng": 34.589983
  },
  {
    "bankName": "Bank Leumi",
    "branchName": "Karmiel – Tech Park",
    "city": "Karmiel",
    "address": "150 Ben Gurion Blvd, Karmiel",
    "openDays": "Sun–Thu",
    "openHours": "08:30 - 13:30, Tue 16:00 - 18:00",
    "phone": "04-9631566",
    "lat": 32.914696,
    "lng": 35.306249
  },
  {
    "bankName": "Mercantile Bank",
    "branchName": "Netivot – Industrial Zone",
    "city": "Netivot",
    "address": "32 King George Street, Netivot",
    "openDays": "Sun–Thu",
    "openHours": "08:30 - 13:30",
    "phone": "08-6632453",
    "lat": 31.417742,
    "lng": 34.586893
  },
  {
    "bankName": "Mercantile Bank",
    "branchName": "Tiberias – University",
    "city": "Tiberias",
    "address": "50 Gordon Street, Tiberias",
    "openDays": "Sun–Thu",
    "openHours": "08:30 - 13:30",
    "phone": "04-7406549",
    "lat": 32.788587,
    "lng": 35.539153
  },
  {
    "bankName": "Bank Hapoalim",
    "branchName": "Rishon Lezion – East",
    "city": "Rishon Lezion",
    "address": "192 Allenby Street, Rishon Lezion",
    "openDays": "Sun–Thu",
    "openHours": "08:30 - 13:30, Mon 16:00 - 18:00",
    "phone": "03-9266085",
    "lat": 31.969197,
    "lng": 34.790865
  },
  {
    "bankName": "Bank Leumi",
    "branchName": "Rehovot – Medical Center",
    "city": "Rehovot",
    "address": "199 Emek Zevulun Blvd, Rehovot",
    "openDays": "Sun–Thu",
    "openHours": "08:30 - 13:30",
    "phone": "08-7665166",
    "lat": 31.89877,
    "lng": 34.809419
  },
  {
    "bankName": "Mizrahi-Tefahot Bank",
    "branchName": "Afula – Talpiot",
    "city": "Afula",
    "address": "68 Jabotinsky Street, Afula",
    "openDays": "Sun–Thu",
    "openHours": "08:30 - 13:30",
    "phone": "04-9027212",
    "lat": 32.597308,
    "lng": 35.290821
  },
  {
    "bankName": "Bank Leumi",
    "branchName": "Metula – Katamon",
    "city": "Metula",
    "address": "52 Gordon Street, Metula",
    "openDays": "Sun–Thu",
    "openHours": "08:30 - 13:30",
    "phone": "04-7623466",
    "lat": 33.280386,
    "lng": 35.575704
  },
  {
    "bankName": "Bank Leumi",
    "branchName": "Zichron Yaakov – University",
    "city": "Zichron Yaakov",
    "address": "205 Yigal Alon Street, Zichron Yaakov",
    "openDays": "Sun–Thu",
    "openHours": "08:30 - 13:30, Tue 16:00 - 18:00",
    "phone": "04-8734177",
    "lat": 32.568105,
    "lng": 34.948306
  },
  {
    "bankName": "Mercantile Bank",
    "branchName": "Afula – Yarkon",
    "city": "Afula",
    "address": "46 Bar Kochva Street, Afula",
    "openDays": "Sun–Thu",
    "openHours": "08:30 - 13:30",
    "phone": "04-7678889",
    "lat": 32.605366,
    "lng": 35.290572
  },
  {
    "bankName": "Mizrahi-Tefahot Bank",
    "branchName": "Afula – Main",
    "city": "Afula",
    "address": "118 HaAtzmaut Blvd, Afula",
    "openDays": "Sun–Thu",
    "openHours": "08:30 - 13:30",
    "phone": "04-8817033",
    "lat": 32.606916,
    "lng": 35.290555
  },
  {
    "bankName": "Bank Hapoalim",
    "branchName": "Dimona – City Center",
    "city": "Dimona",
    "address": "128 Independence Ave, Dimona",
    "openDays": "Sun–Thu",
    "openHours": "08:30 - 13:30",
    "phone": "08-6665110",
    "lat": 31.069047,
    "lng": 35.038454
  },
  {
    "bankName": "Mercantile Bank",
    "branchName": "Safed – West",
    "city": "Safed",
    "address": "211 HaGalil Street, Safed",
    "openDays": "Sun–Thu",
    "openHours": "08:30 - 13:30",
    "phone": "04-7743918",
    "lat": 32.971437,
    "lng": 35.493772
  },
  {
    "bankName": "Discount Bank",
    "branchName": "Hadera – Harbor",
    "city": "Hadera",
    "address": "165 Allenby Street, Hadera",
    "openDays": "Sun–Thu",
    "openHours": "08:30 - 13:30, Wed 16:00 - 18:00",
    "phone": "04-6270605",
    "lat": 32.440244,
    "lng": 34.928531
  },

   {
    "bankName": "Mizrahi-Tefahot Bank",
    "branchName": "Kiryat Malakhi – Civic Center",
    "city": "Kiryat Malakhi",
    "address": "140 Hashalom Road, Kiryat Malakhi",
    "openDays": "Sun–Thu",
    "openHours": "08:30 - 13:30",
    "phone": "08-8430162",
    "lat": 31.734425,
    "lng": 34.755441
  },
  {
    "bankName": "Bank Leumi",
    "branchName": "Ra'anana – Civic Center",
    "city": "Ra'anana",
    "address": "106 Emek Zevulun Blvd, Ra'anana",
    "openDays": "Sun–Thu",
    "openHours": "08:30 - 13:30, Tue 16:00 - 18:00",
    "phone": "09-9165555",
    "lat": 32.191223,
    "lng": 34.878803
  },
  {
    "bankName": "Bank Hapoalim",
    "branchName": "Arad – Old City",
    "city": "Arad",
    "address": "165 HaAtzmaut Blvd, Arad",
    "openDays": "Sun–Thu",
    "openHours": "08:30 - 13:30",
    "phone": "08-6405463",
    "lat": 31.247799,
    "lng": 35.205092
  },
  {
    "bankName": "Bank Leumi",
    "branchName": "Zichron Yaakov – Civic Center",
    "city": "Zichron Yaakov",
    "address": "118 Sheshet HaYamim Street, Zichron Yaakov",
    "openDays": "Sun–Thu",
    "openHours": "08:30 - 13:30, Tue 16:00 - 18:00",
    "phone": "04-6559334",
    "lat": 32.564761,
    "lng": 34.954519
  },
  {
    "bankName": "Discount Bank",
    "branchName": "Nahariya – Market",
    "city": "Nahariya",
    "address": "121 HaGalil Street, Nahariya",
    "openDays": "Sun–Thu",
    "openHours": "08:30 - 13:30, Wed 16:00 - 18:00",
    "phone": "04-9547440",
    "lat": 33.008276,
    "lng": 35.095572
  },
  {
    "bankName": "Discount Bank",
    "branchName": "Metula – Mall",
    "city": "Metula",
    "address": "19 Dizengoff Street, Metula",
    "openDays": "Sun–Thu",
    "openHours": "08:30 - 13:30",
    "phone": "04-6500726",
    "lat": 33.289108,
    "lng": 35.581333
  },
  {
    "bankName": "Bank Leumi",
    "branchName": "Kiryat Gat – Carmel",
    "city": "Kiryat Gat",
    "address": "192 Allenby Street, Kiryat Gat",
    "openDays": "Sun–Thu",
    "openHours": "08:30 - 13:30, Tue 16:00 - 18:00",
    "phone": "08-9530213",
    "lat": 31.605598,
    "lng": 34.769189
  },
  {
    "bankName": "Discount Bank",
    "branchName": "Holon – Industrial Zone",
    "city": "Holon",
    "address": "123 Weizmann Street, Holon",
    "openDays": "Sun–Thu",
    "openHours": "08:30 - 13:30",
    "phone": "03-8182886",
    "lat": 32.021571,
    "lng": 34.762224
  },
  {
    "bankName": "Bank Leumi",
    "branchName": "Beit Shemesh – Logistics Park",
    "city": "Beit Shemesh",
    "address": "5 HaAtzmaut Blvd, Beit Shemesh",
    "openDays": "Sun–Thu",
    "openHours": "08:30 - 13:30, Tue 16:00 - 18:00",
    "phone": "02-7788662",
    "lat": 31.737604,
    "lng": 34.984197
  },
  {
    "bankName": "Bank Hapoalim",
    "branchName": "Nazareth – Central",
    "city": "Nazareth",
    "address": "50 Yehuda Halevi Street, Nazareth",
    "openDays": "Sun–Thu",
    "openHours": "08:30 - 13:30, Mon 16:00 - 18:00",
    "phone": "04-9344966",
    "lat": 32.690705,
    "lng": 35.311602
  },
  {
    "bankName": "Mizrahi-Tefahot Bank",
    "branchName": "Nahariya – Medical Center",
    "city": "Nahariya",
    "address": "132 Herzl Street, Nahariya",
    "openDays": "Sun–Thu",
    "openHours": "08:30 - 13:30",
    "phone": "04-9902999",
    "lat": 33.007167,
    "lng": 35.104845
  },
  {
    "bankName": "Discount Bank",
    "branchName": "Zichron Yaakov – Talpiot",
    "city": "Zichron Yaakov",
    "address": "46 Haim Ozer Street, Zichron Yaakov",
    "openDays": "Sun–Thu",
    "openHours": "08:30 - 13:30, Wed 16:00 - 18:00",
    "phone": "04-9746637",
    "lat": 32.566535,
    "lng": 34.958761
  },
  {
    "bankName": "Mizrahi-Tefahot Bank",
    "branchName": "Karmiel – Industrial Zone",
    "city": "Karmiel",
    "address": "156 Herzl Street, Karmiel",
    "openDays": "Sun–Thu",
    "openHours": "08:30 - 13:30",
    "phone": "04-8325558",
    "lat": 32.921053,
    "lng": 35.311774
  },
  {
    "bankName": "Discount Bank",
    "branchName": "Tiberias – Station",
    "city": "Tiberias",
    "address": "2 Haim Ozer Street, Tiberias",
    "openDays": "Sun–Thu",
    "openHours": "08:30 - 13:30",
    "phone": "04-8028957",
    "lat": 32.791996,
    "lng": 35.539578
  },
  {
    "bankName": "Bank Leumi",
    "branchName": "Ra'anana – South",
    "city": "Ra'anana",
    "address": "84 Herzl Street, Ra'anana",
    "openDays": "Sun–Thu",
    "openHours": "08:30 - 13:30, Tue 16:00 - 18:00",
    "phone": "09-6314924",
    "lat": 32.18813,
    "lng": 34.861097
  },
  {
    "bankName": "Bank Leumi",
    "branchName": "Ramat Gan – Dizengoff",
    "city": "Ramat Gan",
    "address": "181 Weizmann Street, Ramat Gan",
    "openDays": "Sun–Thu",
    "openHours": "08:30 - 13:30",
    "phone": "03-6114793",
    "lat": 32.077597,
    "lng": 34.818584
  },
  {
    "bankName": "Bank Hapoalim",
    "branchName": "Kiryat Motzkin – South",
    "city": "Kiryat Motzkin",
    "address": "190 Bialik Street, Kiryat Motzkin",
    "openDays": "Sun–Thu",
    "openHours": "08:30 - 13:30, Mon 16:00 - 18:00",
    "phone": "04-6520051",
    "lat": 32.835505,
    "lng": 35.0776
  },
  {
    "bankName": "Mercantile Bank",
    "branchName": "Tiberias – Mall",
    "city": "Tiberias",
    "address": "185 Yehuda Halevi Street, Tiberias",
    "openDays": "Sun–Thu",
    "openHours": "08:30 - 13:30",
    "phone": "04-7187922",
    "lat": 32.786221,
    "lng": 35.537943
  },
  {
    "bankName": "Discount Bank",
    "branchName": "Shfaram – Tech Park",
    "city": "Shfaram",
    "address": "18 Rothschild Blvd, Shfaram",
    "openDays": "Sun–Thu",
    "openHours": "08:30 - 13:30, Wed 16:00 - 18:00",
    "phone": "04-8287254",
    "lat": 32.804339,
    "lng": 35.16934
  },
  {
    "bankName": "Bank Leumi",
    "branchName": "Yavne – West",
    "city": "Yavne",
    "address": "165 King George Street, Yavne",
    "openDays": "Sun–Thu",
    "openHours": "08:30 - 13:30",
    "phone": "08-9298156",
    "lat": 31.875561,
    "lng": 34.739016
  },
  {
    "bankName": "Mercantile Bank",
    "branchName": "Sderot – East",
    "city": "Sderot",
    "address": "115 Weizmann Street, Sderot",
    "openDays": "Sun–Thu",
    "openHours": "08:30 - 13:30",
    "phone": "08-7942386",
    "lat": 31.52299,
    "lng": 34.599094
  },
  {
    "bankName": "Mizrahi-Tefahot Bank",
    "branchName": "Migdal HaEmek – Allenby",
    "city": "Migdal HaEmek",
    "address": "207 Begin Road, Migdal HaEmek",
    "openDays": "Sun–Thu",
    "openHours": "08:30 - 13:30",
    "phone": "04-8870777",
    "lat": 32.676655,
    "lng": 35.249899
  },
  {
    "bankName": "Bank Leumi",
    "branchName": "Eilat – Civic Center",
    "city": "Eilat",
    "address": "217 HaMeyasdim Street, Eilat",
    "openDays": "Sun–Thu",
    "openHours": "08:30 - 13:30",
    "phone": "08-9017697",
    "lat": 29.558843,
    "lng": 34.953978
  },
  {
    "bankName": "Mizrahi-Tefahot Bank",
    "branchName": "Beer Sheva – Dizengoff",
    "city": "Beer Sheva",
    "address": "42 Sheshet HaYamim Street, Beer Sheva",
    "openDays": "Sun–Thu",
    "openHours": "08:30 - 13:30",
    "phone": "08-6627323",
    "lat": 31.253649,
    "lng": 34.786589
  },
  {
    "bankName": "Mizrahi-Tefahot Bank",
    "branchName": "Ra'anana – Business District",
    "city": "Ra'anana",
    "address": "31 Yehuda Halevi Street, Ra'anana",
    "openDays": "Sun–Thu",
    "openHours": "08:30 - 13:30",
    "phone": "09-9009309",
    "lat": 32.176975,
    "lng": 34.868262
  },
  {
    "bankName": "Mercantile Bank",
    "branchName": "Arad – Tech Park",
    "city": "Arad",
    "address": "9 Independence Ave, Arad",
    "openDays": "Sun–Thu",
    "openHours": "08:30 - 13:30",
    "phone": "08-8701817",
    "lat": 31.258155,
    "lng": 35.209775
  },
  {
    "bankName": "Bank Hapoalim",
    "branchName": "Ashkelon – East",
    "city": "Ashkelon",
    "address": "26 Weizmann Street, Ashkelon",
    "openDays": "Sun–Thu",
    "openHours": "08:30 - 13:30",
    "phone": "08-7669137",
    "lat": 31.673129,
    "lng": 34.578889
  },
  {
    "bankName": "Bank Leumi",
    "branchName": "Haifa – University",
    "city": "Haifa",
    "address": "140 HaNasi Street, Haifa",
    "openDays": "Sun–Thu",
    "openHours": "08:30 - 13:30",
    "phone": "04-9224595",
    "lat": 32.786885,
    "lng": 35.00126
  },
  {
    "bankName": "Bank Leumi",
    "branchName": "Arraba – West",
    "city": "Arraba",
    "address": "90 Shenkar Street, Arraba",
    "openDays": "Sun–Thu",
    "openHours": "08:30 - 13:30, Tue 16:00 - 18:00",
    "phone": "04-9303137",
    "lat": 32.848418,
    "lng": 35.44279
  },
  {
    "bankName": "Bank Hapoalim",
    "branchName": "Giv'atayim – Rothschild",
    "city": "Giv'atayim",
    "address": "127 Independence Ave, Giv'atayim",
    "openDays": "Sun–Thu",
    "openHours": "08:30 - 13:30, Mon 16:00 - 18:00",
    "phone": "03-8803071",
    "lat": 32.070518,
    "lng": 34.821423
  },
  {
    "bankName": "Discount Bank",
    "branchName": "Rosh Pina – Station",
    "city": "Rosh Pina",
    "address": "77 HaAtzmaut Blvd, Rosh Pina",
    "openDays": "Sun–Thu",
    "openHours": "08:30 - 13:30",
    "phone": "04-7745729",
    "lat": 32.977535,
    "lng": 35.553258
  },
  {
    "bankName": "Discount Bank",
    "branchName": "Kfar Saba – Yarkon",
    "city": "Kfar Saba",
    "address": "120 Sokolov Street, Kfar Saba",
    "openDays": "Sun–Thu",
    "openHours": "08:30 - 13:30, Wed 16:00 - 18:00",
    "phone": "09-7827547",
    "lat": 32.174248,
    "lng": 34.908049
  },
  {
    "bankName": "Mizrahi-Tefahot Bank",
    "branchName": "Safed – Central",
    "city": "Safed",
    "address": "55 HaGalil Street, Safed",
    "openDays": "Sun–Thu",
    "openHours": "08:30 - 13:30",
    "phone": "04-9603689",
    "lat": 32.954875,
    "lng": 35.499354
  },
  {
    "bankName": "Mercantile Bank",
    "branchName": "Mitzpe Ramon – Azrieli",
    "city": "Mitzpe Ramon",
    "address": "140 Hanassi Blvd, Mitzpe Ramon",
    "openDays": "Sun–Thu",
    "openHours": "08:30 - 13:30",
    "phone": "08-6033063",
    "lat": 30.614147,
    "lng": 34.801422
  },
  {
    "bankName": "Mizrahi-Tefahot Bank",
    "branchName": "Haifa – Allenby",
    "city": "Haifa",
    "address": "11 Yigal Alon Street, Haifa",
    "openDays": "Sun–Thu",
    "openHours": "08:30 - 13:30",
    "phone": "04-6002328",
    "lat": 32.797736,
    "lng": 34.988113
  },
  {
    "bankName": "Mizrahi-Tefahot Bank",
    "branchName": "Giv'atayim – Main",
    "city": "Giv'atayim",
    "address": "4 Sheshet HaYamim Street, Giv'atayim",
    "openDays": "Sun–Thu",
    "openHours": "08:30 - 13:30",
    "phone": "03-7223415",
    "lat": 32.069432,
    "lng": 34.807558
  },
  {
    "bankName": "Mercantile Bank",
    "branchName": "Herzliya – Talpiot",
    "city": "Herzliya",
    "address": "198 Hanassi Blvd, Herzliya",
    "openDays": "Sun–Thu",
    "openHours": "08:30 - 13:30",
    "phone": "09-6792174",
    "lat": 32.171303,
    "lng": 34.850817
  },
  {
    "bankName": "Mercantile Bank",
    "branchName": "Kiryat Motzkin – Downtown",
    "city": "Kiryat Motzkin",
    "address": "72 Hanassi Blvd, Kiryat Motzkin",
    "openDays": "Sun–Thu",
    "openHours": "08:30 - 13:30",
    "phone": "04-7385379",
    "lat": 32.825326,
    "lng": 35.088396
  },
  {
    "bankName": "Mizrahi-Tefahot Bank",
    "branchName": "Ra'anana – Civic Center",
    "city": "Ra'anana",
    "address": "122 King George Street, Ra'anana",
    "openDays": "Sun–Thu",
    "openHours": "08:30 - 13:30",
    "phone": "09-8956294",
    "lat": 32.182525,
    "lng": 34.869308
  },
  {
    "bankName": "Bank Leumi",
    "branchName": "Netivot – Old City",
    "city": "Netivot",
    "address": "65 Bar Kochva Street, Netivot",
    "openDays": "Sun–Thu",
    "openHours": "08:30 - 13:30, Tue 16:00 - 18:00",
    "phone": "08-9355514",
    "lat": 31.423095,
    "lng": 34.577946
  },
  {
    "bankName": "Discount Bank",
    "branchName": "Holon – Station",
    "city": "Holon",
    "address": "144 HaAtzmaut Blvd, Holon",
    "openDays": "Sun–Thu",
    "openHours": "08:30 - 13:30, Wed 16:00 - 18:00",
    "phone": "03-9538970",
    "lat": 32.012225,
    "lng": 34.780237
  },
  {
    "bankName": "Discount Bank",
    "branchName": "Yokneam Illit – East",
    "city": "Yokneam Illit",
    "address": "89 Herzl Street, Yokneam Illit",
    "openDays": "Sun–Thu",
    "openHours": "08:30 - 13:30, Wed 16:00 - 18:00",
    "phone": "04-8239927",
    "lat": 32.652855,
    "lng": 35.106805
  },
  {
    "bankName": "Mizrahi-Tefahot Bank",
    "branchName": "Lod – Civic Center",
    "city": "Lod",
    "address": "218 HaAtzmaut Blvd, Lod",
    "openDays": "Sun–Thu",
    "openHours": "08:30 - 13:30",
    "phone": "08-9465303",
    "lat": 31.95453,
    "lng": 34.896174
  },
  {
    "bankName": "Bank Leumi",
    "branchName": "Hod Hasharon – South",
    "city": "Hod Hasharon",
    "address": "27 HaMeyasdim Street, Hod Hasharon",
    "openDays": "Sun–Thu",
    "openHours": "08:30 - 13:30, Tue 16:00 - 18:00",
    "phone": "09-7108232",
    "lat": 32.153556,
    "lng": 34.876921
  },
  {
    "bankName": "Bank Leumi",
    "branchName": "Safed – University",
    "city": "Safed",
    "address": "158 Hashalom Road, Safed",
    "openDays": "Sun–Thu",
    "openHours": "08:30 - 13:30",
    "phone": "04-7439771",
    "lat": 32.971,
    "lng": 35.497656
  },
  {
    "bankName": "Mercantile Bank",
    "branchName": "Nof HaGalil – Florentin",
    "city": "Nof HaGalil",
    "address": "55 Hashalom Road, Nof HaGalil",
    "openDays": "Sun–Thu",
    "openHours": "08:30 - 13:30",
    "phone": "04-6778175",
    "lat": 32.710088,
    "lng": 35.294213
  },
  {
    "bankName": "Bank Leumi",
    "branchName": "Tiberias – Station",
    "city": "Tiberias",
    "address": "35 Yehuda Halevi Street, Tiberias",
    "openDays": "Sun–Thu",
    "openHours": "08:30 - 13:30, Tue 16:00 - 18:00",
    "phone": "04-8790958",
    "lat": 32.792359,
    "lng": 35.536565
  },
  {
    "bankName": "Discount Bank",
    "branchName": "Afula – West",
    "city": "Afula",
    "address": "109 King George Street, Afula",
    "openDays": "Sun–Thu",
    "openHours": "08:30 - 13:30, Wed 16:00 - 18:00",
    "phone": "04-9748844",
    "lat": 32.602211,
    "lng": 35.285284
  },
  {
    "bankName": "Discount Bank",
    "branchName": "Kiryat Shmona – German Colony",
    "city": "Kiryat Shmona",
    "address": "3 Gordon Street, Kiryat Shmona",
    "openDays": "Sun–Thu",
    "openHours": "08:30 - 13:30",
    "phone": "04-9999427",
    "lat": 33.201149,
    "lng": 35.563143
  },
  {
    "bankName": "Bank Leumi",
    "branchName": "Modiin – Rothschild",
    "city": "Modiin",
    "address": "158 Sokolov Street, Modiin",
    "openDays": "Sun–Thu",
    "openHours": "08:30 - 13:30",
    "phone": "08-7573582",
    "lat": 31.903763,
    "lng": 35.010248
  },
  {
    "bankName": "Mizrahi-Tefahot Bank",
    "branchName": "Kiryat Shmona – Industrial Zone",
    "city": "Kiryat Shmona",
    "address": "200 HaAtzmaut Blvd, Kiryat Shmona",
    "openDays": "Sun–Thu",
    "openHours": "08:30 - 13:30",
    "phone": "04-6016740",
    "lat": 33.211281,
    "lng": 35.566165
  },
  {
    "bankName": "Discount Bank",
    "branchName": "Kiryat Ata – University",
    "city": "Kiryat Ata",
    "address": "60 Gordon Street, Kiryat Ata",
    "openDays": "Sun–Thu",
    "openHours": "08:30 - 13:30",
    "phone": "04-8719568",
    "lat": 32.806345,
    "lng": 35.106524
  },
  {
    "bankName": "Bank Hapoalim",
    "branchName": "Haifa – Beach",
    "city": "Haifa",
    "address": "14 Bar Kochva Street, Haifa",
    "openDays": "Sun–Thu",
    "openHours": "08:30 - 13:30",
    "phone": "04-6358618",
    "lat": 32.789508,
    "lng": 34.99048
  },
  {
    "bankName": "Bank Hapoalim",
    "branchName": "Arraba – Industrial Zone",
    "city": "Arraba",
    "address": "73 Yehuda Halevi Street, Arraba",
    "openDays": "Sun–Thu",
    "openHours": "08:30 - 13:30",
    "phone": "04-9651242",
    "lat": 32.863465,
    "lng": 35.456018
  },
  {
    "bankName": "Mercantile Bank",
    "branchName": "Hod Hasharon – Azrieli",
    "city": "Hod Hasharon",
    "address": "7 Sokolov Street, Hod Hasharon",
    "openDays": "Sun–Thu",
    "openHours": "08:30 - 13:30",
    "phone": "09-8627680",
    "lat": 32.147601,
    "lng": 34.891071
  },
  {
    "bankName": "Mizrahi-Tefahot Bank",
    "branchName": "Ramat Hasharon – German Colony",
    "city": "Ramat Hasharon",
    "address": "36 Paulus VI Street, Ramat Hasharon",
    "openDays": "Sun–Thu",
    "openHours": "08:30 - 13:30",
    "phone": "03-9297975",
    "lat": 32.154752,
    "lng": 34.851974
  },
  {
    "bankName": "Mizrahi-Tefahot Bank",
    "branchName": "Arraba – North",
    "city": "Arraba",
    "address": "117 Independence Ave, Arraba",
    "openDays": "Sun–Thu",
    "openHours": "08:30 - 13:30",
    "phone": "04-6480525",
    "lat": 32.852726,
    "lng": 35.45089
  },
  {
    "bankName": "Mizrahi-Tefahot Bank",
    "branchName": "Yokneam Illit – Station",
    "city": "Yokneam Illit",
    "address": "148 Dizengoff Street, Yokneam Illit",
    "openDays": "Sun–Thu",
    "openHours": "08:30 - 13:30",
    "phone": "04-6540195",
    "lat": 32.660857,
    "lng": 35.109899
  },
  {
    "bankName": "Mercantile Bank",
    "branchName": "Ma'ale Adumim – City Center",
    "city": "Ma'ale Adumim",
    "address": "72 Bar Kochva Street, Ma'ale Adumim",
    "openDays": "Sun–Thu",
    "openHours": "08:30 - 13:30",
    "phone": "02-9253427",
    "lat": 31.778159,
    "lng": 35.298489
  },
  {
    "bankName": "Mizrahi-Tefahot Bank",
    "branchName": "Nahariya – Mall",
    "city": "Nahariya",
    "address": "36 Shenkar Street, Nahariya",
    "openDays": "Sun–Thu",
    "openHours": "08:30 - 13:30",
    "phone": "04-7334089",
    "lat": 33.007202,
    "lng": 35.106315
  },
  {
    "bankName": "Bank Hapoalim",
    "branchName": "Ashdod – Industrial Zone",
    "city": "Ashdod",
    "address": "146 King George Street, Ashdod",
    "openDays": "Sun–Thu",
    "openHours": "08:30 - 13:30, Mon 16:00 - 18:00",
    "phone": "08-8261718",
    "lat": 31.803421,
    "lng": 34.653635
  },
  {
    "bankName": "Discount Bank",
    "branchName": "Ashdod – Katamon",
    "city": "Ashdod",
    "address": "39 HaNasi Street, Ashdod",
    "openDays": "Sun–Thu",
    "openHours": "08:30 - 13:30",
    "phone": "08-6520054",
    "lat": 31.800902,
    "lng": 34.655576
  },
  {
    "bankName": "Discount Bank",
    "branchName": "Afula – Harbor",
    "city": "Afula",
    "address": "108 Sokolov Street, Afula",
    "openDays": "Sun–Thu",
    "openHours": "08:30 - 13:30",
    "phone": "04-8779662",
    "lat": 32.614781,
    "lng": 35.283731
  },
  {
    "bankName": "Bank Hapoalim",
    "branchName": "Tel Aviv – German Colony",
    "city": "Tel Aviv",
    "address": "119 Yarkon Street, Tel Aviv",
    "openDays": "Sun–Thu",
    "openHours": "08:30 - 13:30, Mon 16:00 - 18:00",
    "phone": "03-7169977",
    "lat": 32.085712,
    "lng": 34.78556
  },
  {
    "bankName": "Bank Hapoalim",
    "branchName": "Herzliya – Main",
    "city": "Herzliya",
    "address": "168 Rothschild Blvd, Herzliya",
    "openDays": "Sun–Thu",
    "openHours": "08:30 - 13:30",
    "phone": "09-8753734",
    "lat": 32.163969,
    "lng": 34.845285
  },
  {
    "bankName": "Discount Bank",
    "branchName": "Ma'alot-Tarshiha – University",
    "city": "Ma'alot-Tarshiha",
    "address": "78 HaAtzmaut Blvd, Ma'alot-Tarshiha",
    "openDays": "Sun–Thu",
    "openHours": "08:30 - 13:30, Wed 16:00 - 18:00",
    "phone": "04-7404025",
    "lat": 33.016885,
    "lng": 35.263044
  },
  {
    "bankName": "Bank Leumi",
    "branchName": "Yokneam Illit – Main",
    "city": "Yokneam Illit",
    "address": "68 Jabotinsky Street, Yokneam Illit",
    "openDays": "Sun–Thu",
    "openHours": "08:30 - 13:30, Tue 16:00 - 18:00",
    "phone": "04-8801834",
    "lat": 32.644809,
    "lng": 35.11722
  },
  {
    "bankName": "Bank Leumi",
    "branchName": "Ramla – Downtown",
    "city": "Ramla",
    "address": "184 Yehuda Halevi Street, Ramla",
    "openDays": "Sun–Thu",
    "openHours": "08:30 - 13:30, Tue 16:00 - 18:00",
    "phone": "08-8360158",
    "lat": 31.937159,
    "lng": 34.860425
  },
  {
    "bankName": "Discount Bank",
    "branchName": "Dimona – Yarkon",
    "city": "Dimona",
    "address": "64 Weizmann Street, Dimona",
    "openDays": "Sun–Thu",
    "openHours": "08:30 - 13:30",
    "phone": "08-8006319",
    "lat": 31.071009,
    "lng": 35.03026
  },
  {
    "bankName": "Mizrahi-Tefahot Bank",
    "branchName": "Holon – Talpiot",
    "city": "Holon",
    "address": "6 Yehuda Halevi Street, Holon",
    "openDays": "Sun–Thu",
    "openHours": "08:30 - 13:30",
    "phone": "03-9360741",
    "lat": 32.024541,
    "lng": 34.781171
  },
  {
    "bankName": "Bank Leumi",
    "branchName": "Lod – Azrieli",
    "city": "Lod",
    "address": "21 HaMeyasdim Street, Lod",
    "openDays": "Sun–Thu",
    "openHours": "08:30 - 13:30",
    "phone": "08-8414246",
    "lat": 31.95723,
    "lng": 34.896669
  },
  {
    "bankName": "Discount Bank",
    "branchName": "Metula – Talpiot",
    "city": "Metula",
    "address": "108 Jabotinsky Street, Metula",
    "openDays": "Sun–Thu",
    "openHours": "08:30 - 13:30",
    "phone": "04-6991843",
    "lat": 33.289866,
    "lng": 35.571444
  },
  {
    "bankName": "Mizrahi-Tefahot Bank",
    "branchName": "Kiryat Shmona – Central",
    "city": "Kiryat Shmona",
    "address": "61 HaMeyasdim Street, Kiryat Shmona",
    "openDays": "Sun–Thu",
    "openHours": "08:30 - 13:30",
    "phone": "04-7968650",
    "lat": 33.198527,
    "lng": 35.573679
  },
  {
    "bankName": "Mizrahi-Tefahot Bank",
    "branchName": "Migdal HaEmek – Tech Park",
    "city": "Migdal HaEmek",
    "address": "169 Bar Kochva Street, Migdal HaEmek",
    "openDays": "Sun–Thu",
    "openHours": "08:30 - 13:30",
    "phone": "04-9454682",
    "lat": 32.67985,
    "lng": 35.247402
  },
  {
    "bankName": "Discount Bank",
    "branchName": "Rehovot – Azrieli",
    "city": "Rehovot",
    "address": "192 Hanassi Blvd, Rehovot",
    "openDays": "Sun–Thu",
    "openHours": "08:30 - 13:30, Wed 16:00 - 18:00",
    "phone": "08-6900953",
    "lat": 31.893978,
    "lng": 34.80991
  },

  {
    "bankName": "Bank Leumi",
    "branchName": "Beer Sheva – Cultural Center",
    "city": "Beer Sheva",
    "address": "42 Weizmann Street, Beer Sheva",
    "openDays": "Sun–Thu",
    "openHours": "08:30 - 13:30",
    "phone": "08-8869582",
    "lat": 31.250625,
    "lng": 34.785604
  },
  {
    "bankName": "Mercantile Bank",
    "branchName": "Kiryat Bialik – Medical Center",
    "city": "Kiryat Bialik",
    "address": "155 HaNasi Street, Kiryat Bialik",
    "openDays": "Sun–Thu",
    "openHours": "08:30 - 13:30",
    "phone": "04-6116029",
    "lat": 32.828568,
    "lng": 35.074624
  },
  {
    "bankName": "Mercantile Bank",
    "branchName": "Ra'anana – Station",
    "city": "Ra'anana",
    "address": "64 Paulus VI Street, Ra'anana",
    "openDays": "Sun–Thu",
    "openHours": "08:30 - 13:30",
    "phone": "09-9433256",
    "lat": 32.180465,
    "lng": 34.868646
  },
  {
    "bankName": "Mercantile Bank",
    "branchName": "Netivot – Harbor",
    "city": "Netivot",
    "address": "178 HaNadiv Street, Netivot",
    "openDays": "Sun–Thu",
    "openHours": "08:30 - 13:30",
    "phone": "08-7859442",
    "lat": 31.418924,
    "lng": 34.596682
  },
  {
    "bankName": "Mizrahi-Tefahot Bank",
    "branchName": "Haifa – Rothschild",
    "city": "Haifa",
    "address": "177 Hanassi Blvd, Haifa",
    "openDays": "Sun–Thu",
    "openHours": "08:30 - 13:30",
    "phone": "04-9802254",
    "lat": 32.806017,
    "lng": 34.98364
  },
  {
    "bankName": "Mercantile Bank",
    "branchName": "Tiberias – Carmel",
    "city": "Tiberias",
    "address": "39 Bialik Street, Tiberias",
    "openDays": "Sun–Thu",
    "openHours": "08:30 - 13:30",
    "phone": "04-8815029",
    "lat": 32.785375,
    "lng": 35.538383
  },
  {
    "bankName": "Mizrahi-Tefahot Bank",
    "branchName": "Tel Aviv – Carmel",
    "city": "Tel Aviv",
    "address": "115 King George Street, Tel Aviv",
    "openDays": "Sun–Thu",
    "openHours": "08:30 - 13:30",
    "phone": "03-6337966",
    "lat": 32.090565,
    "lng": 34.782654
  },
  {
    "bankName": "Mercantile Bank",
    "branchName": "Tiberias – Tech Park",
    "city": "Tiberias",
    "address": "183 Dizengoff Street, Tiberias",
    "openDays": "Sun–Thu",
    "openHours": "08:30 - 13:30",
    "phone": "04-7915711",
    "lat": 32.797914,
    "lng": 35.523188
  },
  {
    "bankName": "Mizrahi-Tefahot Bank",
    "branchName": "Ra'anana – Market",
    "city": "Ra'anana",
    "address": "24 Hanassi Blvd, Ra'anana",
    "openDays": "Sun–Thu",
    "openHours": "08:30 - 13:30",
    "phone": "09-8241520",
    "lat": 32.179156,
    "lng": 34.864353
  },
  {
    "bankName": "Mizrahi-Tefahot Bank",
    "branchName": "Afula – South",
    "city": "Afula",
    "address": "174 HaGalil Street, Afula",
    "openDays": "Sun–Thu",
    "openHours": "08:30 - 13:30",
    "phone": "04-8696314",
    "lat": 32.615943,
    "lng": 35.310249
  },
  {
    "bankName": "Mizrahi-Tefahot Bank",
    "branchName": "Afula – Central",
    "city": "Afula",
    "address": "154 HaNasi Street, Afula",
    "openDays": "Sun–Thu",
    "openHours": "08:30 - 13:30",
    "phone": "04-8588047",
    "lat": 32.603095,
    "lng": 35.296683
  },
  {
    "bankName": "Mercantile Bank",
    "branchName": "Karmiel – Main",
    "city": "Karmiel",
    "address": "140 Jabotinsky Street, Karmiel",
    "openDays": "Sun–Thu",
    "openHours": "08:30 - 13:30",
    "phone": "04-7376656",
    "lat": 32.916724,
    "lng": 35.293929
  },
  {
    "bankName": "Bank Hapoalim",
    "branchName": "Kiryat Malakhi – Katamon",
    "city": "Kiryat Malakhi",
    "address": "21 Yigal Alon Street, Kiryat Malakhi",
    "openDays": "Sun–Thu",
    "openHours": "08:30 - 13:30, Mon 16:00 - 18:00",
    "phone": "08-6464227",
    "lat": 31.732735,
    "lng": 34.751945
  },
  {
    "bankName": "Mercantile Bank",
    "branchName": "Kiryat Malakhi – Azrieli",
    "city": "Kiryat Malakhi",
    "address": "201 Bialik Street, Kiryat Malakhi",
    "openDays": "Sun–Thu",
    "openHours": "08:30 - 13:30",
    "phone": "08-7886343",
    "lat": 31.72969,
    "lng": 34.748923
  },
  {
    "bankName": "Mercantile Bank",
    "branchName": "Sakhnin – Mall",
    "city": "Sakhnin",
    "address": "148 Allenby Street, Sakhnin",
    "openDays": "Sun–Thu",
    "openHours": "08:30 - 13:30",
    "phone": "04-8378988",
    "lat": 32.859512,
    "lng": 35.296394
  },
  {
    "bankName": "Discount Bank",
    "branchName": "Holon – Beach",
    "city": "Holon",
    "address": "6 HaNadiv Street, Holon",
    "openDays": "Sun–Thu",
    "openHours": "08:30 - 13:30",
    "phone": "03-7115630",
    "lat": 32.004364,
    "lng": 34.78059
  },
  {
    "bankName": "Mizrahi-Tefahot Bank",
    "branchName": "Beit Shemesh – Florentin",
    "city": "Beit Shemesh",
    "address": "178 HaAtzmaut Blvd, Beit Shemesh",
    "openDays": "Sun–Thu",
    "openHours": "08:30 - 13:30",
    "phone": "02-9763035",
    "lat": 31.748443,
    "lng": 35.000962
  },
  {
    "bankName": "Bank Hapoalim",
    "branchName": "Haifa – Azrieli",
    "city": "Haifa",
    "address": "137 Jabotinsky Street, Haifa",
    "openDays": "Sun–Thu",
    "openHours": "08:30 - 13:30, Mon 16:00 - 18:00",
    "phone": "04-8560659",
    "lat": 32.784011,
    "lng": 34.985926
  },
  {
    "bankName": "Bank Hapoalim",
    "branchName": "Shfaram – Central",
    "city": "Shfaram",
    "address": "17 Shenkar Street, Shfaram",
    "openDays": "Sun–Thu",
    "openHours": "08:30 - 13:30, Mon 16:00 - 18:00",
    "phone": "04-8034661",
    "lat": 32.804662,
    "lng": 35.165708
  },
  {
    "bankName": "Mercantile Bank",
    "branchName": "Haifa – Old City",
    "city": "Haifa",
    "address": "147 Emek Zevulun Blvd, Haifa",
    "openDays": "Sun–Thu",
    "openHours": "08:30 - 13:30",
    "phone": "04-8876295",
    "lat": 32.792888,
    "lng": 34.993992
  },
  {
    "bankName": "Bank Hapoalim",
    "branchName": "Herzliya – Business District",
    "city": "Herzliya",
    "address": "84 Emek Zevulun Blvd, Herzliya",
    "openDays": "Sun–Thu",
    "openHours": "08:30 - 13:30, Mon 16:00 - 18:00",
    "phone": "09-7427310",
    "lat": 32.165381,
    "lng": 34.841566
  },
  {
    "bankName": "Bank Hapoalim",
    "branchName": "Tirat Carmel – Main",
    "city": "Tirat Carmel",
    "address": "179 Weizmann Street, Tirat Carmel",
    "openDays": "Sun–Thu",
    "openHours": "08:30 - 13:30, Mon 16:00 - 18:00",
    "phone": "04-8986746",
    "lat": 32.766402,
    "lng": 34.965536
  },
  {
    "bankName": "Discount Bank",
    "branchName": "Rehovot – Medical Center",
    "city": "Rehovot",
    "address": "82 HaAtzmaut Blvd, Rehovot",
    "openDays": "Sun–Thu",
    "openHours": "08:30 - 13:30",
    "phone": "08-7041415",
    "lat": 31.899451,
    "lng": 34.817731
  },
  {
    "bankName": "Mercantile Bank",
    "branchName": "Dimona – German Colony",
    "city": "Dimona",
    "address": "75 Ben Gurion Blvd, Dimona",
    "openDays": "Sun–Thu",
    "openHours": "08:30 - 13:30",
    "phone": "08-7567713",
    "lat": 31.075216,
    "lng": 35.027525
  },
  {
    "bankName": "Bank Leumi",
    "branchName": "Hadera – Tech Park",
    "city": "Hadera",
    "address": "122 Begin Road, Hadera",
    "openDays": "Sun–Thu",
    "openHours": "08:30 - 13:30",
    "phone": "04-6018533",
    "lat": 32.439838,
    "lng": 34.914146
  },
  {
    "bankName": "Discount Bank",
    "branchName": "Tirat Carmel – Rothschild",
    "city": "Tirat Carmel",
    "address": "76 HaNasi Street, Tirat Carmel",
    "openDays": "Sun–Thu",
    "openHours": "08:30 - 13:30, Wed 16:00 - 18:00",
    "phone": "04-9912070",
    "lat": 32.765256,
    "lng": 34.968641
  },
  {
    "bankName": "Mercantile Bank",
    "branchName": "Rehovot – City Center",
    "city": "Rehovot",
    "address": "178 Hanassi Blvd, Rehovot",
    "openDays": "Sun–Thu",
    "openHours": "08:30 - 13:30",
    "phone": "08-8265710",
    "lat": 31.902896,
    "lng": 34.812463
  },
  {
    "bankName": "Discount Bank",
    "branchName": "Safed – Azrieli",
    "city": "Safed",
    "address": "48 HaNasi Street, Safed",
    "openDays": "Sun–Thu",
    "openHours": "08:30 - 13:30, Wed 16:00 - 18:00",
    "phone": "04-8323807",
    "lat": 32.976232,
    "lng": 35.494363
  },
  {
    "bankName": "Bank Hapoalim",
    "branchName": "Kiryat Bialik – Logistics Park",
    "city": "Kiryat Bialik",
    "address": "36 Haim Ozer Street, Kiryat Bialik",
    "openDays": "Sun–Thu",
    "openHours": "08:30 - 13:30",
    "phone": "04-7313575",
    "lat": 32.822463,
    "lng": 35.084242
  },
  {
    "bankName": "Mercantile Bank",
    "branchName": "Kiryat Ata – South",
    "city": "Kiryat Ata",
    "address": "126 Herzl Street, Kiryat Ata",
    "openDays": "Sun–Thu",
    "openHours": "08:30 - 13:30",
    "phone": "04-6133560",
    "lat": 32.808161,
    "lng": 35.112809
  },
  {
    "bankName": "Mercantile Bank",
    "branchName": "Eilat – Allenby",
    "city": "Eilat",
    "address": "48 Rothschild Blvd, Eilat",
    "openDays": "Sun–Thu",
    "openHours": "08:30 - 13:30",
    "phone": "08-8512448",
    "lat": 29.550596,
    "lng": 34.957859
  },
  {
    "bankName": "Mercantile Bank",
    "branchName": "Tel Aviv – Beach",
    "city": "Tel Aviv",
    "address": "64 Yigal Alon Street, Tel Aviv",
    "openDays": "Sun–Thu",
    "openHours": "08:30 - 13:30",
    "phone": "03-7590727",
    "lat": 32.088316,
    "lng": 34.776288
  },
  {
    "bankName": "Mercantile Bank",
    "branchName": "Holon – Cultural Center",
    "city": "Holon",
    "address": "200 Yigal Alon Street, Holon",
    "openDays": "Sun–Thu",
    "openHours": "08:30 - 13:30",
    "phone": "03-8998971",
    "lat": 32.009712,
    "lng": 34.767043
  },
  {
    "bankName": "Mercantile Bank",
    "branchName": "Ramat Gan – Industrial Zone",
    "city": "Ramat Gan",
    "address": "166 Rothschild Blvd, Ramat Gan",
    "openDays": "Sun–Thu",
    "openHours": "08:30 - 13:30",
    "phone": "03-7533538",
    "lat": 32.084273,
    "lng": 34.812841
  },
  {
    "bankName": "Mercantile Bank",
    "branchName": "Sderot – Mall",
    "city": "Sderot",
    "address": "171 Herzl Street, Sderot",
    "openDays": "Sun–Thu",
    "openHours": "08:30 - 13:30",
    "phone": "08-9423188",
    "lat": 31.526549,
    "lng": 34.595503
  },
  {
    "bankName": "Bank Leumi",
    "branchName": "Arraba – Azrieli",
    "city": "Arraba",
    "address": "128 Paulus VI Street, Arraba",
    "openDays": "Sun–Thu",
    "openHours": "08:30 - 13:30, Tue 16:00 - 18:00",
    "phone": "04-7449002",
    "lat": 32.84677,
    "lng": 35.457031
  },
  {
    "bankName": "Discount Bank",
    "branchName": "Tirat Carmel – Cultural Center",
    "city": "Tirat Carmel",
    "address": "54 Haim Ozer Street, Tirat Carmel",
    "openDays": "Sun–Thu",
    "openHours": "08:30 - 13:30, Wed 16:00 - 18:00",
    "phone": "04-6988794",
    "lat": 32.760004,
    "lng": 34.968758
  },
  {
    "bankName": "Bank Leumi",
    "branchName": "Jerusalem – Dizengoff",
    "city": "Jerusalem",
    "address": "78 Allenby Street, Jerusalem",
    "openDays": "Sun–Thu",
    "openHours": "08:30 - 13:30, Tue 16:00 - 18:00",
    "phone": "02-7868048",
    "lat": 31.780634,
    "lng": 35.21864
  },
  {
    "bankName": "Bank Hapoalim",
    "branchName": "Rishon Lezion – German Colony",
    "city": "Rishon Lezion",
    "address": "90 Sheshet HaYamim Street, Rishon Lezion",
    "openDays": "Sun–Thu",
    "openHours": "08:30 - 13:30, Mon 16:00 - 18:00",
    "phone": "03-6387764",
    "lat": 31.974006,
    "lng": 34.78557
  },
  {
    "bankName": "Bank Hapoalim",
    "branchName": "Netivot – Business District",
    "city": "Netivot",
    "address": "16 Weizmann Street, Netivot",
    "openDays": "Sun–Thu",
    "openHours": "08:30 - 13:30, Mon 16:00 - 18:00",
    "phone": "08-6219716",
    "lat": 31.419505,
    "lng": 34.587681
  },
  {
    "bankName": "Mercantile Bank",
    "branchName": "Nof HaGalil – West",
    "city": "Nof HaGalil",
    "address": "9 HaNasi Street, Nof HaGalil",
    "openDays": "Sun–Thu",
    "openHours": "08:30 - 13:30",
    "phone": "04-7028868",
    "lat": 32.702006,
    "lng": 35.304692
  },
  {
    "bankName": "Mercantile Bank",
    "branchName": "Kiryat Bialik – City Center",
    "city": "Kiryat Bialik",
    "address": "178 Haim Ozer Street, Kiryat Bialik",
    "openDays": "Sun–Thu",
    "openHours": "08:30 - 13:30",
    "phone": "04-9829454",
    "lat": 32.828672,
    "lng": 35.082177
  },
  {
    "bankName": "Discount Bank",
    "branchName": "Rehovot – Station",
    "city": "Rehovot",
    "address": "33 Gordon Street, Rehovot",
    "openDays": "Sun–Thu",
    "openHours": "08:30 - 13:30",
    "phone": "08-8398082",
    "lat": 31.894171,
    "lng": 34.807746
  },
  {
    "bankName": "Bank Leumi",
    "branchName": "Shfaram – Talpiot",
    "city": "Shfaram",
    "address": "169 Bialik Street, Shfaram",
    "openDays": "Sun–Thu",
    "openHours": "08:30 - 13:30, Tue 16:00 - 18:00",
    "phone": "04-8272886",
    "lat": 32.806402,
    "lng": 35.172702
  },
  {
    "bankName": "Mizrahi-Tefahot Bank",
    "branchName": "Kiryat Malakhi – Market",
    "city": "Kiryat Malakhi",
    "address": "179 Dizengoff Street, Kiryat Malakhi",
    "openDays": "Sun–Thu",
    "openHours": "08:30 - 13:30",
    "phone": "08-8782352",
    "lat": 31.741243,
    "lng": 34.747122
  },
  {
    "bankName": "Bank Hapoalim",
    "branchName": "Karmiel – South",
    "city": "Karmiel",
    "address": "4 Shenkar Street, Karmiel",
    "openDays": "Sun–Thu",
    "openHours": "08:30 - 13:30, Mon 16:00 - 18:00",
    "phone": "04-9547376",
    "lat": 32.91598,
    "lng": 35.305628
  },
  {
    "bankName": "Mercantile Bank",
    "branchName": "Giv'atayim – Cultural Center",
    "city": "Giv'atayim",
    "address": "159 Yigal Alon Street, Giv'atayim",
    "openDays": "Sun–Thu",
    "openHours": "08:30 - 13:30",
    "phone": "03-6652171",
    "lat": 32.067393,
    "lng": 34.815024
  },
  {
    "bankName": "Bank Hapoalim",
    "branchName": "Kiryat Bialik – Carmel",
    "city": "Kiryat Bialik",
    "address": "78 Paulus VI Street, Kiryat Bialik",
    "openDays": "Sun–Thu",
    "openHours": "08:30 - 13:30",
    "phone": "04-9963131",
    "lat": 32.822227,
    "lng": 35.094904
  },
  {
    "bankName": "Discount Bank",
    "branchName": "Ramla – Carmel",
    "city": "Ramla",
    "address": "203 Paulus VI Street, Ramla",
    "openDays": "Sun–Thu",
    "openHours": "08:30 - 13:30, Wed 16:00 - 18:00",
    "phone": "08-6188599",
    "lat": 31.935756,
    "lng": 34.86941
  },
  {
    "bankName": "Bank Leumi",
    "branchName": "Bnei Brak – German Colony",
    "city": "Bnei Brak",
    "address": "192 Sheshet HaYamim Street, Bnei Brak",
    "openDays": "Sun–Thu",
    "openHours": "08:30 - 13:30, Tue 16:00 - 18:00",
    "phone": "03-8107753",
    "lat": 32.080154,
    "lng": 34.83177
  },
  {
    "bankName": "Discount Bank",
    "branchName": "Rehovot – Business District",
    "city": "Rehovot",
    "address": "149 Hashalom Road, Rehovot",
    "openDays": "Sun–Thu",
    "openHours": "08:30 - 13:30",
    "phone": "08-6172255",
    "lat": 31.905163,
    "lng": 34.816976
  },
  {
    "bankName": "Discount Bank",
    "branchName": "Ofakim – North",
    "city": "Ofakim",
    "address": "213 HaNadiv Street, Ofakim",
    "openDays": "Sun–Thu",
    "openHours": "08:30 - 13:30, Wed 16:00 - 18:00",
    "phone": "08-7613932",
    "lat": 31.309882,
    "lng": 34.614662
  },
  {
    "bankName": "Bank Hapoalim",
    "branchName": "Hod Hasharon – Station",
    "city": "Hod Hasharon",
    "address": "174 Weizmann Street, Hod Hasharon",
    "openDays": "Sun–Thu",
    "openHours": "08:30 - 13:30, Mon 16:00 - 18:00",
    "phone": "09-8762702",
    "lat": 32.164477,
    "lng": 34.881987
  },
  {
    "bankName": "Bank Leumi",
    "branchName": "Kiryat Yam – Tech Park",
    "city": "Kiryat Yam",
    "address": "56 Independence Ave, Kiryat Yam",
    "openDays": "Sun–Thu",
    "openHours": "08:30 - 13:30, Tue 16:00 - 18:00",
    "phone": "04-6664400",
    "lat": 32.852758,
    "lng": 35.064648
  },
  {
    "bankName": "Bank Leumi",
    "branchName": "Giv'atayim – Mall",
    "city": "Giv'atayim",
    "address": "217 Sheshet HaYamim Street, Giv'atayim",
    "openDays": "Sun–Thu",
    "openHours": "08:30 - 13:30, Tue 16:00 - 18:00",
    "phone": "03-6267113",
    "lat": 32.068144,
    "lng": 34.804977
  },
  {
    "bankName": "Discount Bank",
    "branchName": "Ashkelon – South",
    "city": "Ashkelon",
    "address": "13 Haifa Road, Ashkelon",
    "openDays": "Sun–Thu",
    "openHours": "08:30 - 13:30",
    "phone": "08-6691001",
    "lat": 31.667643,
    "lng": 34.570281
  },
  {
    "bankName": "Bank Leumi",
    "branchName": "Jerusalem – Business District",
    "city": "Jerusalem",
    "address": "136 Yigal Alon Street, Jerusalem",
    "openDays": "Sun–Thu",
    "openHours": "08:30 - 13:30, Tue 16:00 - 18:00",
    "phone": "02-6016895",
    "lat": 31.793236,
    "lng": 35.212852
  },
  {
    "bankName": "Discount Bank",
    "branchName": "Eilat – Civic Center",
    "city": "Eilat",
    "address": "124 HaGalil Street, Eilat",
    "openDays": "Sun–Thu",
    "openHours": "08:30 - 13:30, Wed 16:00 - 18:00",
    "phone": "08-6045636",
    "lat": 29.551864,
    "lng": 34.946967
  },
  {
    "bankName": "Bank Hapoalim",
    "branchName": "Kiryat Ata – Civic Center",
    "city": "Kiryat Ata",
    "address": "86 Sokolov Street, Kiryat Ata",
    "openDays": "Sun–Thu",
    "openHours": "08:30 - 13:30",
    "phone": "04-7416692",
    "lat": 32.808259,
    "lng": 35.095686
  },
  {
    "bankName": "Mercantile Bank",
    "branchName": "Kiryat Bialik – Cultural Center",
    "city": "Kiryat Bialik",
    "address": "166 Allenby Street, Kiryat Bialik",
    "openDays": "Sun–Thu",
    "openHours": "08:30 - 13:30",
    "phone": "04-7538729",
    "lat": 32.825203,
    "lng": 35.087336
  },
  {
    "bankName": "Bank Hapoalim",
    "branchName": "Ashkelon – Beach",
    "city": "Ashkelon",
    "address": "27 HaAtzmaut Blvd, Ashkelon",
    "openDays": "Sun–Thu",
    "openHours": "08:30 - 13:30, Mon 16:00 - 18:00",
    "phone": "08-9179554",
    "lat": 31.673298,
    "lng": 34.567246
  },
  {
    "bankName": "Bank Leumi",
    "branchName": "Netivot – South",
    "city": "Netivot",
    "address": "91 Bar Kochva Street, Netivot",
    "openDays": "Sun–Thu",
    "openHours": "08:30 - 13:30",
    "phone": "08-7576822",
    "lat": 31.417097,
    "lng": 34.585772
  },
  {
    "bankName": "Bank Leumi",
    "branchName": "Bat Yam – Cultural Center",
    "city": "Bat Yam",
    "address": "114 HaNadiv Street, Bat Yam",
    "openDays": "Sun–Thu",
    "openHours": "08:30 - 13:30, Tue 16:00 - 18:00",
    "phone": "03-7149805",
    "lat": 32.017211,
    "lng": 34.759507
  },
  {
    "bankName": "Bank Hapoalim",
    "branchName": "Hod Hasharon – Cultural Center",
    "city": "Hod Hasharon",
    "address": "90 Yigal Alon Street, Hod Hasharon",
    "openDays": "Sun–Thu",
    "openHours": "08:30 - 13:30, Mon 16:00 - 18:00",
    "phone": "09-7505776",
    "lat": 32.148312,
    "lng": 34.875114
  },
  {
    "bankName": "Bank Leumi",
    "branchName": "Zichron Yaakov – City Center",
    "city": "Zichron Yaakov",
    "address": "150 Jabotinsky Street, Zichron Yaakov",
    "openDays": "Sun–Thu",
    "openHours": "08:30 - 13:30, Tue 16:00 - 18:00",
    "phone": "04-9170923",
    "lat": 32.569998,
    "lng": 34.956306
  },
  {
    "bankName": "Bank Hapoalim",
    "branchName": "Rosh Pina – Civic Center",
    "city": "Rosh Pina",
    "address": "70 Emek Zevulun Blvd, Rosh Pina",
    "openDays": "Sun–Thu",
    "openHours": "08:30 - 13:30, Mon 16:00 - 18:00",
    "phone": "04-8913919",
    "lat": 32.972223,
    "lng": 35.547128
  },
  {
    "bankName": "Discount Bank",
    "branchName": "Bat Yam – Tech Park",
    "city": "Bat Yam",
    "address": "19 Begin Road, Bat Yam",
    "openDays": "Sun–Thu",
    "openHours": "08:30 - 13:30, Wed 16:00 - 18:00",
    "phone": "03-9677938",
    "lat": 32.015237,
    "lng": 34.740616
  },
  {
    "bankName": "Discount Bank",
    "branchName": "Nof HaGalil – North",
    "city": "Nof HaGalil",
    "address": "121 Yehuda Halevi Street, Nof HaGalil",
    "openDays": "Sun–Thu",
    "openHours": "08:30 - 13:30",
    "phone": "04-9122476",
    "lat": 32.700735,
    "lng": 35.302531
  },
  {
    "bankName": "Mizrahi-Tefahot Bank",
    "branchName": "Kiryat Motzkin – Central",
    "city": "Kiryat Motzkin",
    "address": "40 Shenkar Street, Kiryat Motzkin",
    "openDays": "Sun–Thu",
    "openHours": "08:30 - 13:30",
    "phone": "04-7625160",
    "lat": 32.82906,
    "lng": 35.082238
  },
  {
    "bankName": "Mizrahi-Tefahot Bank",
    "branchName": "Hadera – Medical Center",
    "city": "Hadera",
    "address": "129 Allenby Street, Hadera",
    "openDays": "Sun–Thu",
    "openHours": "08:30 - 13:30",
    "phone": "04-8650145",
    "lat": 32.434064,
    "lng": 34.915731
  },
  {
    "bankName": "Bank Hapoalim",
    "branchName": "Kiryat Gat – North",
    "city": "Kiryat Gat",
    "address": "195 Gordon Street, Kiryat Gat",
    "openDays": "Sun–Thu",
    "openHours": "08:30 - 13:30, Mon 16:00 - 18:00",
    "phone": "08-7824820",
    "lat": 31.608308,
    "lng": 34.763732
  },
  {
    "bankName": "Bank Hapoalim",
    "branchName": "Safed – Market",
    "city": "Safed",
    "address": "100 King George Street, Safed",
    "openDays": "Sun–Thu",
    "openHours": "08:30 - 13:30, Mon 16:00 - 18:00",
    "phone": "04-8373901",
    "lat": 32.965344,
    "lng": 35.499099
  },
  {
    "bankName": "Bank Hapoalim",
    "branchName": "Netivot – Katamon",
    "city": "Netivot",
    "address": "1 Haim Ozer Street, Netivot",
    "openDays": "Sun–Thu",
    "openHours": "08:30 - 13:30",
    "phone": "08-6389577",
    "lat": 31.419344,
    "lng": 34.59349
  },
  {
    "bankName": "Bank Hapoalim",
    "branchName": "Hod Hasharon – Allenby",
    "city": "Hod Hasharon",
    "address": "33 Herzl Street, Hod Hasharon",
    "openDays": "Sun–Thu",
    "openHours": "08:30 - 13:30",
    "phone": "09-7788233",
    "lat": 32.156637,
    "lng": 34.88893
  },
  {
    "bankName": "Bank Leumi",
    "branchName": "Safed – Rehavia",
    "city": "Safed",
    "address": "70 Independence Ave, Safed",
    "openDays": "Sun–Thu",
    "openHours": "08:30 - 13:30",
    "phone": "04-6071529",
    "lat": 32.952794,
    "lng": 35.48162
  },

  {
    "bankName": "Discount Bank",
    "branchName": "Rosh Pina – Mall",
    "city": "Rosh Pina",
    "address": "35 Allenby Street, Rosh Pina",
    "openDays": "Sun–Thu",
    "openHours": "08:30 - 13:30, Wed 16:00 - 18:00",
    "phone": "04-9593028",
    "lat": 32.969671,
    "lng": 35.534158
  },
  {
    "bankName": "Bank Hapoalim",
    "branchName": "Kiryat Shmona – Beach",
    "city": "Kiryat Shmona",
    "address": "188 Yarkon Street, Kiryat Shmona",
    "openDays": "Sun–Thu",
    "openHours": "08:30 - 13:30",
    "phone": "04-8566839",
    "lat": 33.214571,
    "lng": 35.56051
  },
  {
    "bankName": "Discount Bank",
    "branchName": "Metula – South",
    "city": "Metula",
    "address": "72 Yarkon Street, Metula",
    "openDays": "Sun–Thu",
    "openHours": "08:30 - 13:30, Wed 16:00 - 18:00",
    "phone": "04-8888012",
    "lat": 33.281749,
    "lng": 35.57499
  },
  {
    "bankName": "Mercantile Bank",
    "branchName": "Herzliya – Cultural Center",
    "city": "Herzliya",
    "address": "71 Hashalom Road, Herzliya",
    "openDays": "Sun–Thu",
    "openHours": "08:30 - 13:30",
    "phone": "09-7132020",
    "lat": 32.171845,
    "lng": 34.837088
  },
  {
    "bankName": "Mizrahi-Tefahot Bank",
    "branchName": "Ra'anana – Logistics Park",
    "city": "Ra'anana",
    "address": "164 HaAtzmaut Blvd, Ra'anana",
    "openDays": "Sun–Thu",
    "openHours": "08:30 - 13:30",
    "phone": "09-8533433",
    "lat": 32.184258,
    "lng": 34.871979
  },
  {
    "bankName": "Mizrahi-Tefahot Bank",
    "branchName": "Kiryat Bialik – Station",
    "city": "Kiryat Bialik",
    "address": "177 HaNasi Street, Kiryat Bialik",
    "openDays": "Sun–Thu",
    "openHours": "08:30 - 13:30",
    "phone": "04-9218893",
    "lat": 32.827422,
    "lng": 35.090069
  },
  {
    "bankName": "Mercantile Bank",
    "branchName": "Ashdod – Allenby",
    "city": "Ashdod",
    "address": "220 Shenkar Street, Ashdod",
    "openDays": "Sun–Thu",
    "openHours": "08:30 - 13:30",
    "phone": "08-9364544",
    "lat": 31.797191,
    "lng": 34.656559
  },
  {
    "bankName": "Bank Leumi",
    "branchName": "Kiryat Motzkin – Allenby",
    "city": "Kiryat Motzkin",
    "address": "168 Gordon Street, Kiryat Motzkin",
    "openDays": "Sun–Thu",
    "openHours": "08:30 - 13:30, Tue 16:00 - 18:00",
    "phone": "04-7921905",
    "lat": 32.823523,
    "lng": 35.067626
  },
  {
    "bankName": "Discount Bank",
    "branchName": "Nazareth – University",
    "city": "Nazareth",
    "address": "172 HaAtzmaut Blvd, Nazareth",
    "openDays": "Sun–Thu",
    "openHours": "08:30 - 13:30",
    "phone": "04-7194336",
    "lat": 32.695623,
    "lng": 35.302381
  },
  {
    "bankName": "Mizrahi-Tefahot Bank",
    "branchName": "Sderot – Medical Center",
    "city": "Sderot",
    "address": "74 HaMeyasdim Street, Sderot",
    "openDays": "Sun–Thu",
    "openHours": "08:30 - 13:30",
    "phone": "08-9892304",
    "lat": 31.519848,
    "lng": 34.598442
  },
  {
    "bankName": "Mercantile Bank",
    "branchName": "Holon – Civic Center",
    "city": "Holon",
    "address": "161 Yarkon Street, Holon",
    "openDays": "Sun–Thu",
    "openHours": "08:30 - 13:30",
    "phone": "03-8460396",
    "lat": 32.010313,
    "lng": 34.770991
  },
  {
    "bankName": "Mizrahi-Tefahot Bank",
    "branchName": "Beer Sheva – Business District",
    "city": "Beer Sheva",
    "address": "210 Independence Ave, Beer Sheva",
    "openDays": "Sun–Thu",
    "openHours": "08:30 - 13:30",
    "phone": "08-7736042",
    "lat": 31.249244,
    "lng": 34.789017
  },
  {
    "bankName": "Discount Bank",
    "branchName": "Ma'ale Adumim – Yarkon",
    "city": "Ma'ale Adumim",
    "address": "47 Haifa Road, Ma'ale Adumim",
    "openDays": "Sun–Thu",
    "openHours": "08:30 - 13:30, Wed 16:00 - 18:00",
    "phone": "02-8079991",
    "lat": 31.770575,
    "lng": 35.299961
  },
  {
    "bankName": "Mercantile Bank",
    "branchName": "Jerusalem – Talpiot",
    "city": "Jerusalem",
    "address": "31 HaAtzmaut Blvd, Jerusalem",
    "openDays": "Sun–Thu",
    "openHours": "08:30 - 13:30",
    "phone": "02-8938286",
    "lat": 31.785564,
    "lng": 35.222069
  },
  {
    "bankName": "Discount Bank",
    "branchName": "Kfar Saba – Industrial Zone",
    "city": "Kfar Saba",
    "address": "158 Herzl Street, Kfar Saba",
    "openDays": "Sun–Thu",
    "openHours": "08:30 - 13:30",
    "phone": "09-9307935",
    "lat": 32.178854,
    "lng": 34.90507
  },
  {
    "bankName": "Bank Leumi",
    "branchName": "Mitzpe Ramon – West",
    "city": "Mitzpe Ramon",
    "address": "30 Sokolov Street, Mitzpe Ramon",
    "openDays": "Sun–Thu",
    "openHours": "08:30 - 13:30, Tue 16:00 - 18:00",
    "phone": "08-9608932",
    "lat": 30.616032,
    "lng": 34.786768
  },
  {
    "bankName": "Bank Leumi",
    "branchName": "Ashkelon – Carmel",
    "city": "Ashkelon",
    "address": "147 Haim Ozer Street, Ashkelon",
    "openDays": "Sun–Thu",
    "openHours": "08:30 - 13:30, Tue 16:00 - 18:00",
    "phone": "08-9609894",
    "lat": 31.66957,
    "lng": 34.569791
  },
  {
    "bankName": "Mercantile Bank",
    "branchName": "Akko – German Colony",
    "city": "Akko",
    "address": "83 King George Street, Akko",
    "openDays": "Sun–Thu",
    "openHours": "08:30 - 13:30",
    "phone": "04-7268107",
    "lat": 32.91813,
    "lng": 35.077026
  },
  {
    "bankName": "Mercantile Bank",
    "branchName": "Rehovot – Market",
    "city": "Rehovot",
    "address": "71 Dizengoff Street, Rehovot",
    "openDays": "Sun–Thu",
    "openHours": "08:30 - 13:30",
    "phone": "08-6328601",
    "lat": 31.893946,
    "lng": 34.818335
  },
  {
    "bankName": "Bank Leumi",
    "branchName": "Modiin – University",
    "city": "Modiin",
    "address": "178 Gordon Street, Modiin",
    "openDays": "Sun–Thu",
    "openHours": "08:30 - 13:30, Tue 16:00 - 18:00",
    "phone": "08-8629961",
    "lat": 31.898232,
    "lng": 35.014272
  },
  {
    "bankName": "Bank Hapoalim",
    "branchName": "Tiberias – Central",
    "city": "Tiberias",
    "address": "134 HaAtzmaut Blvd, Tiberias",
    "openDays": "Sun–Thu",
    "openHours": "08:30 - 13:30, Mon 16:00 - 18:00",
    "phone": "04-7885665",
    "lat": 32.79117,
    "lng": 35.533726
  },
  {
    "bankName": "Bank Hapoalim",
    "branchName": "Ashdod – Katamon",
    "city": "Ashdod",
    "address": "42 HaAtzmaut Blvd, Ashdod",
    "openDays": "Sun–Thu",
    "openHours": "08:30 - 13:30",
    "phone": "08-8117103",
    "lat": 31.802782,
    "lng": 34.653159
  },
  {
    "bankName": "Mercantile Bank",
    "branchName": "Shfaram – Central",
    "city": "Shfaram",
    "address": "164 HaAtzmaut Blvd, Shfaram",
    "openDays": "Sun–Thu",
    "openHours": "08:30 - 13:30",
    "phone": "04-7176613",
    "lat": 32.805118,
    "lng": 35.167602
  },
  {
    "bankName": "Discount Bank",
    "branchName": "Arad – Old City",
    "city": "Arad",
    "address": "133 HaGalil Street, Arad",
    "openDays": "Sun–Thu",
    "openHours": "08:30 - 13:30, Wed 16:00 - 18:00",
    "phone": "08-9014221",
    "lat": 31.258253,
    "lng": 35.213398
  },
  {
    "bankName": "Bank Leumi",
    "branchName": "Akko – Rothschild",
    "city": "Akko",
    "address": "94 Sheshet HaYamim Street, Akko",
    "openDays": "Sun–Thu",
    "openHours": "08:30 - 13:30",
    "phone": "04-6309273",
    "lat": 32.927567,
    "lng": 35.086898
  },
  {
    "bankName": "Mizrahi-Tefahot Bank",
    "branchName": "Eilat – Katamon",
    "city": "Eilat",
    "address": "14 Yarkon Street, Eilat",
    "openDays": "Sun–Thu",
    "openHours": "08:30 - 13:30",
    "phone": "08-7371057",
    "lat": 29.561402,
    "lng": 34.951789
  },
  {
    "bankName": "Bank Hapoalim",
    "branchName": "Hadera – Talpiot",
    "city": "Hadera",
    "address": "164 HaMeyasdim Street, Hadera",
    "openDays": "Sun–Thu",
    "openHours": "08:30 - 13:30, Mon 16:00 - 18:00",
    "phone": "04-9817025",
    "lat": 32.432782,
    "lng": 34.922045
  },
  {
    "bankName": "Bank Leumi",
    "branchName": "Eilat – University",
    "city": "Eilat",
    "address": "59 Independence Ave, Eilat",
    "openDays": "Sun–Thu",
    "openHours": "08:30 - 13:30, Tue 16:00 - 18:00",
    "phone": "08-7422499",
    "lat": 29.554145,
    "lng": 34.948365
  },
  {
    "bankName": "Bank Leumi",
    "branchName": "Ma'ale Adumim – Downtown",
    "city": "Ma'ale Adumim",
    "address": "206 Yigal Alon Street, Ma'ale Adumim",
    "openDays": "Sun–Thu",
    "openHours": "08:30 - 13:30, Tue 16:00 - 18:00",
    "phone": "02-7197084",
    "lat": 31.776549,
    "lng": 35.291654
  },
  {
    "bankName": "Mizrahi-Tefahot Bank",
    "branchName": "Hod Hasharon – Downtown",
    "city": "Hod Hasharon",
    "address": "44 Begin Road, Hod Hasharon",
    "openDays": "Sun–Thu",
    "openHours": "08:30 - 13:30",
    "phone": "09-8103215",
    "lat": 32.152899,
    "lng": 34.886369
  },
  {
    "bankName": "Bank Leumi",
    "branchName": "Holon – Yarkon",
    "city": "Holon",
    "address": "134 Sheshet HaYamim Street, Holon",
    "openDays": "Sun–Thu",
    "openHours": "08:30 - 13:30, Tue 16:00 - 18:00",
    "phone": "03-8656849",
    "lat": 32.019428,
    "lng": 34.763135
  },
  {
    "bankName": "Bank Hapoalim",
    "branchName": "Afula – West",
    "city": "Afula",
    "address": "79 Weizmann Street, Afula",
    "openDays": "Sun–Thu",
    "openHours": "08:30 - 13:30",
    "phone": "04-6557540",
    "lat": 32.607308,
    "lng": 35.29723
  },
  {
    "bankName": "Bank Leumi",
    "branchName": "Jerusalem – Florentin",
    "city": "Jerusalem",
    "address": "212 HaNasi Street, Jerusalem",
    "openDays": "Sun–Thu",
    "openHours": "08:30 - 13:30, Tue 16:00 - 18:00",
    "phone": "02-8812539",
    "lat": 31.780826,
    "lng": 35.219421
  },
  {
    "bankName": "Bank Hapoalim",
    "branchName": "Metula – Industrial Zone",
    "city": "Metula",
    "address": "40 Haifa Road, Metula",
    "openDays": "Sun–Thu",
    "openHours": "08:30 - 13:30, Mon 16:00 - 18:00",
    "phone": "04-9906230",
    "lat": 33.278823,
    "lng": 35.580206
  },
  {
    "bankName": "Mizrahi-Tefahot Bank",
    "branchName": "Modiin – Dizengoff",
    "city": "Modiin",
    "address": "55 HaAtzmaut Blvd, Modiin",
    "openDays": "Sun–Thu",
    "openHours": "08:30 - 13:30",
    "phone": "08-7789271",
    "lat": 31.904107,
    "lng": 35.019462
  },
  {
    "bankName": "Discount Bank",
    "branchName": "Arraba – Station",
    "city": "Arraba",
    "address": "68 King George Street, Arraba",
    "openDays": "Sun–Thu",
    "openHours": "08:30 - 13:30, Wed 16:00 - 18:00",
    "phone": "04-9826480",
    "lat": 32.852806,
    "lng": 35.445841
  },
  {
    "bankName": "Bank Leumi",
    "branchName": "Kiryat Ata – Mall",
    "city": "Kiryat Ata",
    "address": "11 Sokolov Street, Kiryat Ata",
    "openDays": "Sun–Thu",
    "openHours": "08:30 - 13:30, Tue 16:00 - 18:00",
    "phone": "04-9483243",
    "lat": 32.812221,
    "lng": 35.107358
  },
  {
    "bankName": "Bank Hapoalim",
    "branchName": "Ashkelon – Central",
    "city": "Ashkelon",
    "address": "156 Hanassi Blvd, Ashkelon",
    "openDays": "Sun–Thu",
    "openHours": "08:30 - 13:30, Mon 16:00 - 18:00",
    "phone": "08-8612766",
    "lat": 31.67122,
    "lng": 34.573616
  },
  {
    "bankName": "Bank Leumi",
    "branchName": "Arad – Florentin",
    "city": "Arad",
    "address": "88 Herzl Street, Arad",
    "openDays": "Sun–Thu",
    "openHours": "08:30 - 13:30, Tue 16:00 - 18:00",
    "phone": "08-8319064",
    "lat": 31.257138,
    "lng": 35.216992
  },
  {
    "bankName": "Mizrahi-Tefahot Bank",
    "branchName": "Rosh Pina – Downtown",
    "city": "Rosh Pina",
    "address": "110 Yarkon Street, Rosh Pina",
    "openDays": "Sun–Thu",
    "openHours": "08:30 - 13:30",
    "phone": "04-6875148",
    "lat": 32.963502,
    "lng": 35.536817
  },
  {
    "bankName": "Bank Hapoalim",
    "branchName": "Bnei Brak – Katamon",
    "city": "Bnei Brak",
    "address": "155 Bar Kochva Street, Bnei Brak",
    "openDays": "Sun–Thu",
    "openHours": "08:30 - 13:30, Mon 16:00 - 18:00",
    "phone": "03-6041428",
    "lat": 32.091618,
    "lng": 34.841703
  },
  {
    "bankName": "Mercantile Bank",
    "branchName": "Jerusalem – Mall",
    "city": "Jerusalem",
    "address": "10 HaNadiv Street, Jerusalem",
    "openDays": "Sun–Thu",
    "openHours": "08:30 - 13:30",
    "phone": "02-8356209",
    "lat": 31.783193,
    "lng": 35.20691
  },
  {
    "bankName": "Bank Leumi",
    "branchName": "Ramat Gan – Business District",
    "city": "Ramat Gan",
    "address": "168 Begin Road, Ramat Gan",
    "openDays": "Sun–Thu",
    "openHours": "08:30 - 13:30, Tue 16:00 - 18:00",
    "phone": "03-8646007",
    "lat": 32.089329,
    "lng": 34.82668
  },
  {
    "bankName": "Bank Hapoalim",
    "branchName": "Sakhnin – University",
    "city": "Sakhnin",
    "address": "164 Herzl Street, Sakhnin",
    "openDays": "Sun–Thu",
    "openHours": "08:30 - 13:30, Mon 16:00 - 18:00",
    "phone": "04-9854464",
    "lat": 32.861983,
    "lng": 35.295046
  },
  {
    "bankName": "Bank Hapoalim",
    "branchName": "Ashdod – Market",
    "city": "Ashdod",
    "address": "191 Yigal Alon Street, Ashdod",
    "openDays": "Sun–Thu",
    "openHours": "08:30 - 13:30, Mon 16:00 - 18:00",
    "phone": "08-9800435",
    "lat": 31.804495,
    "lng": 34.65772
  },
  {
    "bankName": "Mercantile Bank",
    "branchName": "Safed – Main",
    "city": "Safed",
    "address": "71 Hanassi Blvd, Safed",
    "openDays": "Sun–Thu",
    "openHours": "08:30 - 13:30",
    "phone": "04-7059294",
    "lat": 32.967853,
    "lng": 35.495488
  },
  {
    "bankName": "Mizrahi-Tefahot Bank",
    "branchName": "Kiryat Yam – Old City",
    "city": "Kiryat Yam",
    "address": "176 Shenkar Street, Kiryat Yam",
    "openDays": "Sun–Thu",
    "openHours": "08:30 - 13:30",
    "phone": "04-8116266",
    "lat": 32.846404,
    "lng": 35.071116
  },
  {
    "bankName": "Mercantile Bank",
    "branchName": "Bat Yam – Main",
    "city": "Bat Yam",
    "address": "40 Weizmann Street, Bat Yam",
    "openDays": "Sun–Thu",
    "openHours": "08:30 - 13:30",
    "phone": "03-8229408",
    "lat": 32.021043,
    "lng": 34.750326
  },
  {
    "bankName": "Mercantile Bank",
    "branchName": "Ashdod – East",
    "city": "Ashdod",
    "address": "137 Weizmann Street, Ashdod",
    "openDays": "Sun–Thu",
    "openHours": "08:30 - 13:30",
    "phone": "08-9768923",
    "lat": 31.804542,
    "lng": 34.641564
  },
  {
    "bankName": "Bank Hapoalim",
    "branchName": "Karmiel – Florentin",
    "city": "Karmiel",
    "address": "36 Bialik Street, Karmiel",
    "openDays": "Sun–Thu",
    "openHours": "08:30 - 13:30",
    "phone": "04-9524487",
    "lat": 32.920834,
    "lng": 35.301846
  },
  {
    "bankName": "Bank Leumi",
    "branchName": "Rehovot – Market",
    "city": "Rehovot",
    "address": "54 HaNasi Street, Rehovot",
    "openDays": "Sun–Thu",
    "openHours": "08:30 - 13:30",
    "phone": "08-7479934",
    "lat": 31.896374,
    "lng": 34.812066
  },
  {
    "bankName": "Bank Hapoalim",
    "branchName": "Shfaram – Katamon",
    "city": "Shfaram",
    "address": "127 Haifa Road, Shfaram",
    "openDays": "Sun–Thu",
    "openHours": "08:30 - 13:30, Mon 16:00 - 18:00",
    "phone": "04-7515104",
    "lat": 32.815877,
    "lng": 35.180796
  },
  {
    "bankName": "Bank Hapoalim",
    "branchName": "Safed – East",
    "city": "Safed",
    "address": "46 Paulus VI Street, Safed",
    "openDays": "Sun–Thu",
    "openHours": "08:30 - 13:30, Mon 16:00 - 18:00",
    "phone": "04-7937894",
    "lat": 32.965858,
    "lng": 35.498074
  },
  {
    "bankName": "Mercantile Bank",
    "branchName": "Netanya – South",
    "city": "Netanya",
    "address": "133 Sokolov Street, Netanya",
    "openDays": "Sun–Thu",
    "openHours": "08:30 - 13:30",
    "phone": "09-8770336",
    "lat": 32.333929,
    "lng": 34.8632
  },
  {
    "bankName": "Mercantile Bank",
    "branchName": "Safed – City Center",
    "city": "Safed",
    "address": "54 HaNadiv Street, Safed",
    "openDays": "Sun–Thu",
    "openHours": "08:30 - 13:30",
    "phone": "04-6335570",
    "lat": 32.963056,
    "lng": 35.488878
  },
  {
    "bankName": "Bank Leumi",
    "branchName": "Kfar Saba – Station",
    "city": "Kfar Saba",
    "address": "85 Bialik Street, Kfar Saba",
    "openDays": "Sun–Thu",
    "openHours": "08:30 - 13:30, Tue 16:00 - 18:00",
    "phone": "09-7214486",
    "lat": 32.173221,
    "lng": 34.902209
  },
  {
    "bankName": "Bank Leumi",
    "branchName": "Sakhnin – City Center",
    "city": "Sakhnin",
    "address": "169 HaNasi Street, Sakhnin",
    "openDays": "Sun–Thu",
    "openHours": "08:30 - 13:30, Tue 16:00 - 18:00",
    "phone": "04-6511391",
    "lat": 32.859787,
    "lng": 35.308223
  },
  {
    "bankName": "Bank Leumi",
    "branchName": "Akko – Main",
    "city": "Akko",
    "address": "89 Haifa Road, Akko",
    "openDays": "Sun–Thu",
    "openHours": "08:30 - 13:30",
    "phone": "04-7984869",
    "lat": 32.923181,
    "lng": 35.078274
  },
  {
    "bankName": "Mizrahi-Tefahot Bank",
    "branchName": "Yokneam Illit – Harbor",
    "city": "Yokneam Illit",
    "address": "95 Weizmann Street, Yokneam Illit",
    "openDays": "Sun–Thu",
    "openHours": "08:30 - 13:30",
    "phone": "04-6404240",
    "lat": 32.6527,
    "lng": 35.105061
  },
  {
    "bankName": "Bank Leumi",
    "branchName": "Herzliya – Main",
    "city": "Herzliya",
    "address": "175 Bialik Street, Herzliya",
    "openDays": "Sun–Thu",
    "openHours": "08:30 - 13:30, Tue 16:00 - 18:00",
    "phone": "09-6295998",
    "lat": 32.17327,
    "lng": 34.842264
  },
  {
    "bankName": "Mercantile Bank",
    "branchName": "Kiryat Malakhi – Civic Center",
    "city": "Kiryat Malakhi",
    "address": "75 Hanassi Blvd, Kiryat Malakhi",
    "openDays": "Sun–Thu",
    "openHours": "08:30 - 13:30",
    "phone": "08-9810680",
    "lat": 31.730816,
    "lng": 34.746671
  },
  {
    "bankName": "Bank Hapoalim",
    "branchName": "Eilat – City Center",
    "city": "Eilat",
    "address": "197 Allenby Street, Eilat",
    "openDays": "Sun–Thu",
    "openHours": "08:30 - 13:30",
    "phone": "08-7137083",
    "lat": 29.570404,
    "lng": 34.963621
  },
  {
    "bankName": "Bank Hapoalim",
    "branchName": "Netivot – Azrieli",
    "city": "Netivot",
    "address": "118 Jabotinsky Street, Netivot",
    "openDays": "Sun–Thu",
    "openHours": "08:30 - 13:30, Mon 16:00 - 18:00",
    "phone": "08-7561271",
    "lat": 31.420121,
    "lng": 34.592019
  },
  {
    "bankName": "Mercantile Bank",
    "branchName": "Yokneam Illit – Katamon",
    "city": "Yokneam Illit",
    "address": "171 Gordon Street, Yokneam Illit",
    "openDays": "Sun–Thu",
    "openHours": "08:30 - 13:30",
    "phone": "04-9877309",
    "lat": 32.652633,
    "lng": 35.098275
  },
  {
    "bankName": "Discount Bank",
    "branchName": "Kiryat Shmona – Mall",
    "city": "Kiryat Shmona",
    "address": "183 HaMeyasdim Street, Kiryat Shmona",
    "openDays": "Sun–Thu",
    "openHours": "08:30 - 13:30, Wed 16:00 - 18:00",
    "phone": "04-7608930",
    "lat": 33.199335,
    "lng": 35.558333
  },
  {
    "bankName": "Bank Leumi",
    "branchName": "Kiryat Ata – Rothschild",
    "city": "Kiryat Ata",
    "address": "127 HaGalil Street, Kiryat Ata",
    "openDays": "Sun–Thu",
    "openHours": "08:30 - 13:30, Tue 16:00 - 18:00",
    "phone": "04-8890400",
    "lat": 32.814662,
    "lng": 35.112326
  },
  {
    "bankName": "Bank Leumi",
    "branchName": "Ramat Hasharon – City Center",
    "city": "Ramat Hasharon",
    "address": "191 Sheshet HaYamim Street, Ramat Hasharon",
    "openDays": "Sun–Thu",
    "openHours": "08:30 - 13:30, Tue 16:00 - 18:00",
    "phone": "03-8104461",
    "lat": 32.141911,
    "lng": 34.83551
  },
  {
    "bankName": "Bank Leumi",
    "branchName": "Arad – Business District",
    "city": "Arad",
    "address": "212 Sokolov Street, Arad",
    "openDays": "Sun–Thu",
    "openHours": "08:30 - 13:30, Tue 16:00 - 18:00",
    "phone": "08-6185042",
    "lat": 31.267043,
    "lng": 35.215021
  },
  {
    "bankName": "Discount Bank",
    "branchName": "Akko – Dizengoff",
    "city": "Akko",
    "address": "12 HaMeyasdim Street, Akko",
    "openDays": "Sun–Thu",
    "openHours": "08:30 - 13:30, Wed 16:00 - 18:00",
    "phone": "04-8982217",
    "lat": 32.927265,
    "lng": 35.08641
  },
  {
    "bankName": "Discount Bank",
    "branchName": "Giv'atayim – Logistics Park",
    "city": "Giv'atayim",
    "address": "129 Jabotinsky Street, Giv'atayim",
    "openDays": "Sun–Thu",
    "openHours": "08:30 - 13:30, Wed 16:00 - 18:00",
    "phone": "03-9899459",
    "lat": 32.076152,
    "lng": 34.808146
  },
  {
    "bankName": "Mizrahi-Tefahot Bank",
    "branchName": "Kiryat Motzkin – Mall",
    "city": "Kiryat Motzkin",
    "address": "180 Independence Ave, Kiryat Motzkin",
    "openDays": "Sun–Thu",
    "openHours": "08:30 - 13:30",
    "phone": "04-9802788",
    "lat": 32.841447,
    "lng": 35.069743
  },
  {
    "bankName": "Discount Bank",
    "branchName": "Kiryat Gat – Dizengoff",
    "city": "Kiryat Gat",
    "address": "128 Gordon Street, Kiryat Gat",
    "openDays": "Sun–Thu",
    "openHours": "08:30 - 13:30, Wed 16:00 - 18:00",
    "phone": "08-7851747",
    "lat": 31.61117,
    "lng": 34.768363
  },
  {
    "bankName": "Mizrahi-Tefahot Bank",
    "branchName": "Herzliya – Beach",
    "city": "Herzliya",
    "address": "177 Dizengoff Street, Herzliya",
    "openDays": "Sun–Thu",
    "openHours": "08:30 - 13:30",
    "phone": "09-8725808",
    "lat": 32.161724,
    "lng": 34.850156
  },
  {
    "bankName": "Mercantile Bank",
    "branchName": "Tirat Carmel – German Colony",
    "city": "Tirat Carmel",
    "address": "57 HaMeyasdim Street, Tirat Carmel",
    "openDays": "Sun–Thu",
    "openHours": "08:30 - 13:30",
    "phone": "04-9549933",
    "lat": 32.770096,
    "lng": 34.968122
  },
  {
    "bankName": "Mercantile Bank",
    "branchName": "Ramla – North",
    "city": "Ramla",
    "address": "25 Ben Gurion Blvd, Ramla",
    "openDays": "Sun–Thu",
    "openHours": "08:30 - 13:30",
    "phone": "08-6320364",
    "lat": 31.92687,
    "lng": 34.858903
  }
]