[
  {
    "bankName": "Bank Hapoalim",
    "branchName": "Sakhnin Branch",
    "city": "Sakhnin",
    "address": "35 Main Street, Sakhnin",
    "openDays": "Sun–Thu",
    "openHours": "08:30 - 13:30",
    "phone": "04-9571000",
    "lat": 32.8642,
    "lng": 35.3027
  },
  {
    "bankName": "Bank Leumi",
    "branchName": "Arraba Branch",
    "city": "Arraba",
    "address": "50 Main Street, Arraba",
    "openDays": "Sun–Thu",
    "openHours": "08:30 - 13:30",
    "phone": "04-6745600",
    "lat": 32.8569,
    "lng": 35.4471
  },
  {
    "bankName": "Mizrahi-Tefahot Bank",
    "branchName": "Misgav Branch",
    "city": "Misgav",
    "address": "Yuvalim Commercial Center, Misgav",
    "openDays": "Sun–Thu",
    "openHours": "08:30 - 13:30",
    "phone": "04-9956100",
    "lat": 32.8801,
    "lng": 35.2815
  },
  {
    "bankName": "Discount Bank",
    "branchName": "Karmiel Branch",
    "city": "Karmiel",
    "address": "4 Nesi Israel Blvd, Karmiel",
    "openDays": "Sun–Thu",
    "openHours": "08:30 - 13:30",
    "phone": "04-9902222",
    "lat": 32.9191,
    "lng": 35.3022
  },
  {
    "bankName": "Israel Discount Bank",
    "branchName": "Haifa – Carmel Center",
    "city": "Haifa",
    "address": "129 Hanassi Blvd, Haifa",
    "openDays": "Sun–Thu",
    "openHours": "08:30 - 13:30",
    "phone": "04-8357000",
    "lat": 32.8058,
    "lng": 34.9896
  },
  {
    "bankName": "Bank Leumi",
    "branchName": "Kiryat Bialik Branch",
    "city": "Krayot",
    "address": "72 Ha'atzmaut Street, Kiryat Bialik",
    "openDays": "Sun–Thu",
    "openHours": "08:30 - 13:30",
    "phone": "04-8769000",
    "lat": 32.8273,
    "lng": 35.0859
  },
  {
    "bankName": "Mizrahi-Tefahot Bank",
    "branchName": "Tel Aviv – Dizengoff",
    "city": "Tel Aviv",
    "address": "180 Dizengoff Street, Tel Aviv",
    "openDays": "Sun–Thu",
    "openHours": "08:30 - 13:30, Tue 16:00 - 18:00",
    "phone": "03-5457000",
    "lat": 32.0888,
    "lng": 34.7741
  },
  {
    "bankName": "Bank Hapoalim",
    "branchName": "Tel Aviv – Rothschild",
    "city": "Tel Aviv",
    "address": "22 Rothschild Blvd, Tel Aviv",
    "openDays": "Sun–Thu",
    "openHours": "08:30 - 13:30, Mon 16:00 - 18:00",
    "phone": "03-5672000",
    "lat": 32.0631,
    "lng": 34.7715
  },
  {
    "bankName": "Discount Bank",
    "branchName": "Kiryat Ata Branch",
    "city": "Krayot",
    "address": "88 Ha'atzmaut Road, Kiryat Ata",
    "openDays": "Sun–Thu",
    "openHours": "08:30 - 13:30",
    "phone": "04-8453000",
    "lat": 32.8054,
    "lng": 35.1069
  },
  {
    "bankName": "Mercantile Bank",
    "branchName": "Nazareth Branch",
    "city": "Nazareth",
    "address": "75 Paulus VI Street, Nazareth",
    "openDays": "Sun–Thu",
    "openHours": "08:30 - 13:30",
    "phone": "04-6473000",
    "lat": 32.6996,
    "lng": 35.3046
  },
  {
    "bankName": "Bank Leumi",
    "branchName": "Jerusalem Center",
    "city": "Jerusalem",
    "address": "20 King George Street, Jerusalem",
    "openDays": "Sun–Thu",
    "openHours": "08:30 - 13:30, Tue 16:00 - 18:00",
    "phone": "02-6202000",
    "lat": 31.7813,
    "lng": 35.2196
  },
  {
    "bankName": "Bank Hapoalim",
    "branchName": "Beer Sheva Central",
    "city": "Beer Sheva",
    "address": "4 Herzl Street, Beer Sheva",
    "openDays": "Sun–Thu",
    "openHours": "08:30 - 13:30, Mon 16:00 - 18:00",
    "phone": "08-6291000",
    "lat": 31.2518,
    "lng": 34.7913
  },
  {
    "bankName": "Mizrahi-Tefahot Bank",
    "branchName": "Eilat Center",
    "city": "Eilat",
    "address": "10 Sheshet HaYamim Street, Eilat",
    "openDays": "Sun–Thu",
    "openHours": "08:30 - 13:30",
    "phone": "08-6379000",
    "lat": 29.5577,
    "lng": 34.9519
  },
  {
    "bankName": "Discount Bank",
    "branchName": "Acre Branch",
    "city": "Acre",
    "address": "15 Ben Ami Boulevard, Acre",
    "openDays": "Sun–Thu",
    "openHours": "08:30 - 13:30",
    "phone": "04-9912345",
    "lat": 32.9236,
    "lng": 35.0815
  },
  {
    "bankName": "Bank Leumi",
    "branchName": "Tiberias Branch",
    "city": "Tiberias",
    "address": "HaGalil 8, Tiberias",
    "openDays": "Sun–Thu",
    "openHours": "08:30 - 13:30",
    "phone": "04-6723000",
    "lat": 32.7922,
    "lng": 35.5312
  },
  {
    "bankName": "Bank Hapoalim",
    "branchName": "Netanya Central",
    "city": "Netanya",
    "address": "Herzl 5, Netanya",
    "openDays": "Sun–Thu",
    "openHours": "08:30 - 13:30",
    "phone": "09-8608000",
    "lat": 32.3319,
    "lng": 34.8566
  },
  {
    "bankName": "Bank Leumi",
    "branchName": "Ramat Gan Center",
    "city": "Ramat Gan",
    "address": "7 Bialik Street, Ramat Gan",
    "openDays": "Sun–Thu",
    "openHours": "08:30 - 13:30",
    "phone": "03-6104000",
    "lat": 32.0832,
    "lng": 34.8153
  },
  {
    "bankName": "Bank Hapoalim",
    "branchName": "Holon Main",
    "city": "Holon",
    "address": "19 Sokolov Street, Holon",
    "openDays": "Sun–Thu",
    "openHours": "08:30 - 13:30, Mon 16:00 - 18:00",
    "phone": "03-5012000",
    "lat": 32.0151,
    "lng": 34.7709
  },
  {
    "bankName": "Discount Bank",
    "branchName": "Bat Yam Center",
    "city": "Bat Yam",
    "address": "33 Herzl Street, Bat Yam",
    "openDays": "Sun–Thu",
    "openHours": "08:30 - 13:30",
    "phone": "03-5511000",
    "lat": 32.0235,
    "lng": 34.748
  },
  {
    "bankName": "Mizrahi-Tefahot Bank",
    "branchName": "Petah Tikva Main",
    "city": "Petah Tikva",
    "address": "8 Haim Ozer Street, Petah Tikva",
    "openDays": "Sun–Thu",
    "openHours": "08:30 - 13:30",
    "phone": "03-9059000",
    "lat": 32.0871,
    "lng": 34.8859
  },
  {
    "bankName": "Mercantile Bank",
    "branchName": "Hadera Center",
    "city": "Hadera",
    "address": "25 Rothschild Blvd, Hadera",
    "openDays": "Sun–Thu",
    "openHours": "08:30 - 13:30",
    "phone": "04-6328000",
    "lat": 32.4376,
    "lng": 34.9197
  },
  {
    "bankName": "Bank Leumi",
    "branchName": "Ashdod City Center",
    "city": "Ashdod",
    "address": "8 Herzl Street, Ashdod",
    "openDays": "Sun–Thu",
    "openHours": "08:30 - 13:30",
    "phone": "08-8634000",
    "lat": 31.8031,
    "lng": 34.6544
  },
  {
    "bankName": "Bank Hapoalim",
    "branchName": "Rishon Lezion Central",
    "city": "Rishon Lezion",
    "address": "3 Herzl Street, Rishon Lezion",
    "openDays": "Sun–Thu",
    "openHours": "08:30 - 13:30",
    "phone": "03-9542000",
    "lat": 31.971,
    "lng": 34.789
  },
  {
    "bankName": "Mizrahi-Tefahot Bank",
    "branchName": "Rehovot Center",
    "city": "Rehovot",
    "address": "55 Herzl Street, Rehovot",
    "openDays": "Sun–Thu",
    "openHours": "08:30 - 13:30",
    "phone": "08-9367000",
    "lat": 31.8947,
    "lng": 34.8113
  },
  {
    "bankName": "Discount Bank",
    "branchName": "Lod Main",
    "city": "Lod",
    "address": "13 Herzl Street, Lod",
    "openDays": "Sun–Thu",
    "openHours": "08:30 - 13:30",
    "phone": "08-9211000",
    "lat": 31.9517,
    "lng": 34.8942
  },
  {
    "bankName": "Mercantile Bank",
    "branchName": "Ramla Branch",
    "city": "Ramla",
    "address": "4 Herzl Street, Ramla",
    "openDays": "Sun–Thu",
    "openHours": "08:30 - 13:30",
    "phone": "08-9215000",
    "lat": 31.931,
    "lng": 34.8693
  },
  {
    "bankName": "Bank Leumi",
    "branchName": "Modiin Center",
    "city": "Modiin",
    "address": "21 Emek Zevulun Blvd, Modiin",
    "openDays": "Sun–Thu",
    "openHours": "08:30 - 13:30, Tue 16:00 - 18:00",
    "phone": "08-9721000",
    "lat": 31.8983,
    "lng": 35.0106
  },
  {
    "bankName": "Bank Hapoalim",
    "branchName": "Herzliya Pituach",
    "city": "Herzliya",
    "address": "7 Shenkar Street, Herzliya",
    "openDays": "Sun–Thu",
    "openHours": "08:30 - 13:30",
    "phone": "09-9592000",
    "lat": 32.163,
    "lng": 34.806
  },
  {
    "bankName": "Discount Bank",
    "branchName": "Ra'anana Center",
    "city": "Ra'anana",
    "address": "38 Ahuza Street, Ra'anana",
    "openDays": "Sun–Thu",
    "openHours": "08:30 - 13:30",
    "phone": "09-7701000",
    "lat": 32.1848,
    "lng": 34.872
  },
  {
    "bankName": "Bank Leumi",
    "branchName": "Kfar Saba Main",
    "city": "Kfar Saba",
    "address": "13 Weizmann Street, Kfar Saba",
    "openDays": "Sun–Thu",
    "openHours": "08:30 - 13:30",
    "phone": "09-7642000",
    "lat": 32.175,
    "lng": 34.906
  },
  {
    "bankName": "Mizrahi-Tefahot Bank",
    "branchName": "Zichron Yaakov Branch",
    "city": "Zichron Yaakov",
    "address": "HaNadiv 25, Zichron Yaakov",
    "openDays": "Sun–Thu",
    "openHours": "08:30 - 13:30",
    "phone": "04-6398000",
    "lat": 32.5663,
    "lng": 34.9534
  },
  {
    "bankName": "Bank Hapoalim",
    "branchName": "Hod Hasharon Center",
    "city": "Hod Hasharon",
    "address": "7 Ramatayim Road, Hod Hasharon",
    "openDays": "Sun–Thu",
    "openHours": "08:30 - 13:30",
    "phone": "09-7402000",
    "lat": 32.1557,
    "lng": 34.8889
  },
  {
    "bankName": "Discount Bank",
    "branchName": "Ashkelon Center",
    "city": "Ashkelon",
    "address": "9 Ben Gurion Blvd, Ashkelon",
    "openDays": "Sun–Thu",
    "openHours": "08:30 - 13:30",
    "phone": "08-6789000",
    "lat": 31.6693,
    "lng": 34.5715
  },
  {
    "bankName": "Bank Leumi",
    "branchName": "Afula Central",
    "city": "Afula",
    "address": "13 HaNasi Street, Afula",
    "openDays": "Sun–Thu",
    "openHours": "08:30 - 13:30",
    "phone": "04-6592000",
    "lat": 32.6101,
    "lng": 35.2895
  },
  {
    "bankName": "Mizrahi-Tefahot Bank",
    "branchName": "Ramat Hasharon Branch",
    "city": "Ramat Hasharon",
    "address": "33 Sokolov Street, Ramat Hasharon",
    "openDays": "Sun–Thu",
    "openHours": "08:30 - 13:30",
    "phone": "03-5496000",
    "lat": 32.145,
    "lng": 34.8415
  },
  {
    "bankName": "Mercantile Bank",
    "branchName": "Kiryat Gat Branch",
    "city": "Kiryat Gat",
    "address": "5 Herzl Blvd, Kiryat Gat",
    "openDays": "Sun–Thu",
    "openHours": "08:30 - 13:30",
    "phone": "08-6602000",
    "lat": 31.6115,
    "lng": 34.7655
  },
  {
    "bankName": "Discount Bank",
    "branchName": "Nahariya Center",
    "city": "Nahariya",
    "address": "12 Weizmann Street, Nahariya",
    "openDays": "Sun–Thu",
    "openHours": "08:30 - 13:30",
    "phone": "04-9513000",
    "lat": 33.0058,
    "lng": 35.0983
  },
    {
    "bankName": "Bank Hapoalim",
    "branchName": "Eilat North",
    "city": "Eilat",
    "address": "2 HaTmarim Blvd, Eilat",
    "openDays": "Sun–Thu",
    "openHours": "08:30 - 13:30, Mon 16:00 - 18:00",
    "phone": "08-6375000",
    "lat": 29.5606,
    "lng": 34.9544
  },
  {
    "bankName": "Bank Leumi",
    "branchName": "Beit Shemesh Main",
    "city": "Beit Shemesh",
    "address": "5 Herzl Street, Beit Shemesh",
    "openDays": "Sun–Thu",
    "openHours": "08:30 - 13:30, Tue 16:00 - 18:00",
    "phone": "02-9998000",
    "lat": 31.746,
    "lng": 34.987
  },
  {
    "bankName": "Mizrahi-Tefahot Bank",
    "branchName": "Safed Branch",
    "city": "Safed",
    "address": "10 Jerusalem Street, Safed",
    "openDays": "Sun–Thu",
    "openHours": "08:30 - 13:30",
    "phone": "04-6992000",
    "lat": 32.9667,
    "lng": 35.496
  },
  {
    "bankName": "Discount Bank",
    "branchName": "Haifa Downtown",
    "city": "Haifa",
    "address": "20 HaAtzmaut Blvd, Haifa",
    "openDays": "Sun–Thu",
    "openHours": "08:30 - 13:30, Wed 16:00 - 18:00",
    "phone": "04-8513000",
    "lat": 32.819,
    "lng": 34.998
  },
  {
    "bankName": "Bank Hapoalim",
    "branchName": "Tayibe Branch",
    "city": "Tayibe",
    "address": "8 Al-Quds Street, Tayibe",
    "openDays": "Sun–Thu",
    "openHours": "08:30 - 13:30",
    "phone": "09-7992000",
    "lat": 32.266,
    "lng": 35.009
  },
  {
    "bankName": "Bank Leumi",
    "branchName": "Umm al-Fahm Branch",
    "city": "Umm al-Fahm",
    "address": "21 Wadi Ara Street, Umm al-Fahm",
    "openDays": "Sun–Thu",
    "openHours": "08:30 - 13:30",
    "phone": "04-6314000",
    "lat": 32.517,
    "lng": 35.153
  },
  {
    "bankName": "Discount Bank",
    "branchName": "Bnei Brak Center",
    "city": "Bnei Brak",
    "address": "4 Rabbi Akiva Street, Bnei Brak",
    "openDays": "Sun–Thu",
    "openHours": "08:30 - 13:30",
    "phone": "03-5771000",
    "lat": 32.0905,
    "lng": 34.8352
  },
  {
    "bankName": "Mizrahi-Tefahot Bank",
    "branchName": "Herzliya Center",
    "city": "Herzliya",
    "address": "5 Sokolov Street, Herzliya",
    "openDays": "Sun–Thu",
    "openHours": "08:30 - 13:30",
    "phone": "09-9504000",
    "lat": 32.166,
    "lng": 34.8405
  },
  {
    "bankName": "Mercantile Bank",
    "branchName": "Yokneam Branch",
    "city": "Yokneam",
    "address": "10 HaMeyasdim Street, Yokneam",
    "openDays": "Sun–Thu",
    "openHours": "08:30 - 13:30",
    "phone": "04-9597000",
    "lat": 32.658,
    "lng": 35.104
  },
  {
    "bankName": "Bank Leumi",
    "branchName": "Tel Aviv Azrieli",
    "city": "Tel Aviv",
    "address": "Azrieli Center, 1 Menachem Begin Rd, Tel Aviv",
    "openDays": "Sun–Thu",
    "openHours": "08:30 - 13:30, Tue 16:00 - 18:00",
    "phone": "03-7188000",
    "lat": 32.074,
    "lng": 34.792
  }
]


